"Период","Google","Яндекс","Bing","Mail.ru","Sogou","Baidu","Tut.by","Yahoo!","Rambler","DuckDuckGo","Ukr.net","Ecosia"
"2020-01-01","16","6","0","0","0","0","0","0","0","0","0","0"
"2020-01-02","17","7","0","1","0","0","0","0","0","0","0","0"
"2020-01-03","17","13","0","0","0","0","0","0","0","0","0","0"
"2020-01-04","24","7","0","0","1","0","0","0","0","0","0","0"
"2020-01-05","13","10","0","0","0","0","0","0","0","0","0","0"
"2020-01-06","13","4","0","0","0","0","0","0","0","0","0","0"
"2020-01-07","23","10","0","0","2","0","0","0","0","0","0","0"
"2020-01-08","25","6","0","0","0","0","0","1","0","0","0","0"
"2020-01-09","26","14","0","0","0","0","0","0","0","0","0","0"
"2020-01-10","34","16","0","0","2","0","0","0","0","0","0","0"
"2020-01-11","17","6","0","0","0","0","0","0","0","0","0","0"
"2020-01-12","17","7","0","0","0","0","0","0","0","0","0","0"
"2020-01-13","20","19","0","0","2","0","0","0","0","0","0","0"
"2020-01-14","20","21","0","0","0","0","0","0","0","0","0","0"
"2020-01-15","26","23","0","0","0","0","0","0","0","0","0","0"
"2020-01-16","24","15","0","0","2","0","0","0","0","0","0","0"
"2020-01-17","17","11","0","0","0","0","0","0","0","0","0","0"
"2020-01-18","10","9","0","0","0","0","0","0","0","0","0","0"
"2020-01-19","11","15","0","0","2","0","0","0","0","0","0","0"
"2020-01-20","32","20","0","0","0","0","0","0","0","0","0","0"
"2020-01-21","25","21","0","0","0","0","0","1","0","0","0","0"
"2020-01-22","22","21","0","1","1","0","0","0","0","0","0","0"
"2020-01-23","22","17","0","0","0","0","0","1","0","0","0","0"
"2020-01-24","17","18","0","0","0","0","0","0","0","0","0","0"
"2020-01-25","11","11","0","0","2","0","0","0","0","0","0","0"
"2020-01-26","16","11","0","0","0","0","0","0","0","0","0","0"
"2020-01-27","19","12","0","0","0","0","0","0","0","0","0","0"
"2020-01-28","35","20","0","0","1","0","0","0","0","0","0","0"
"2020-01-29","24","24","0","0","0","0","0","0","0","0","0","0"
"2020-01-30","18","28","0","0","0","0","0","0","0","0","0","0"
"2020-01-31","20","21","1","0","0","0","0","0","0","0","0","0"
"2020-02-01","11","7","0","0","2","0","0","0","0","0","0","0"
"2020-02-02","14","8","0","1","0","0","0","0","0","0","0","0"
"2020-02-03","22","15","0","1","0","0","0","0","0","0","0","0"
"2020-02-04","28","12","0","0","2","0","0","0","0","0","0","0"
"2020-02-05","27","14","0","2","0","0","0","0","0","0","0","0"
"2020-02-06","27","17","0","1","0","0","0","0","0","0","0","0"
"2020-02-07","12","20","0","3","0","0","0","0","0","0","0","0"
"2020-02-08","15","11","0","0","0","0","0","0","0","0","0","0"
"2020-02-09","13","14","0","0","0","0","0","0","0","0","0","0"
"2020-02-10","30","26","0","2","2","0","0","0","0","0","0","0"
"2020-02-11","28","22","0","2","0","0","0","0","0","0","0","0"
"2020-02-12","16","18","0","1","0","0","0","0","0","0","0","0"
"2020-02-13","19","27","0","0","2","0","0","0","0","0","0","0"
"2020-02-14","15","20","0","0","0","0","0","0","0","0","0","0"
"2020-02-15","15","3","0","1","0","0","0","0","0","0","0","0"
"2020-02-16","14","16","0","0","1","0","0","0","0","0","0","0"
"2020-02-17","24","22","0","0","0","0","0","0","1","0","0","0"
"2020-02-18","20","21","0","0","0","0","0","0","0","0","0","0"
"2020-02-19","20","17","0","0","2","0","0","0","0","0","0","0"
"2020-02-20","18","17","0","0","0","0","0","0","0","0","0","0"
"2020-02-21","18","15","0","0","0","0","0","0","0","0","0","0"
"2020-02-22","9","7","0","0","0","0","0","1","0","0","0","0"
"2020-02-23","12","5","0","0","0","0","0","0","0","0","0","0"
"2020-02-24","21","26","0","1","0","0","0","0","0","0","0","0"
"2020-02-25","23","20","0","1","0","0","0","0","0","0","0","0"
"2020-02-26","25","22","0","1","0","0","0","0","0","0","0","0"
"2020-02-27","22","12","0","0","0","0","0","0","0","0","0","0"
"2020-02-28","17","20","0","1","4","0","0","1","0","0","0","0"
"2020-02-29","9","6","0","0","0","0","0","1","0","0","0","0"
"2020-03-01","9","6","0","0","0","0","0","0","0","0","0","0"
"2020-03-02","14","17","0","0","0","0","0","0","0","0","0","0"
"2020-03-03","23","16","0","0","0","0","0","0","0","0","0","0"
"2020-03-04","12","17","0","0","2","0","0","1","0","0","0","0"
"2020-03-05","22","28","0","0","0","0","0","0","1","0","0","0"
"2020-03-06","24","14","0","0","0","2","0","0","0","0","0","0"
"2020-03-07","5","4","1","0","2","1","0","0","0","0","0","0"
"2020-03-08","8","14","0","0","0","0","0","0","0","0","0","0"
"2020-03-09","22","21","0","0","0","0","0","0","0","0","0","0"
"2020-03-10","25","24","0","0","0","0","0","1","0","0","0","0"
"2020-03-11","21","16","0","0","0","0","0","0","0","0","0","0"
"2020-03-12","17","24","0","0","0","0","0","0","0","0","0","0"
"2020-03-13","14","13","0","0","4","0","0","0","1","0","0","0"
"2020-03-14","10","10","0","0","0","0","0","0","0","0","0","0"
"2020-03-15","12","10","0","0","0","0","0","0","0","0","0","0"
"2020-03-16","16","12","0","0","1","0","0","0","0","0","0","0"
"2020-03-17","16","7","0","0","0","0","0","0","0","0","0","0"
"2020-03-18","23","12","0","0","0","0","0","0","0","0","0","0"
"2020-03-19","11","12","0","0","0","0","0","0","0","0","0","0"
"2020-03-20","7","6","0","1","0","0","0","0","0","0","0","0"
"2020-03-21","7","3","0","0","0","0","0","0","0","0","0","0"
"2020-03-22","10","6","0","0","1","0","0","0","0","0","0","0"
"2020-03-23","18","12","0","0","0","0","0","0","0","0","0","0"
"2020-03-24","13","15","0","0","0","0","0","0","0","0","0","0"
"2020-03-25","14","11","0","0","2","0","0","0","0","0","0","0"
"2020-03-26","17","10","0","1","0","0","0","0","0","0","0","0"
"2020-03-27","13","10","0","1","0","0","0","0","0","0","0","0"
"2020-03-28","7","3","0","1","1","0","0","0","0","0","0","0"
"2020-03-29","6","8","0","0","0","0","0","0","0","0","0","0"
"2020-03-30","19","9","0","0","0","0","0","0","0","0","0","0"
"2020-03-31","30","9","0","0","0","0","0","0","0","0","0","0"
"2020-04-01","14","4","0","0","3","0","0","0","0","0","0","0"
"2020-04-02","17","16","0","0","0","0","0","0","0","0","0","0"
"2020-04-03","13","12","0","0","0","0","0","0","0","0","0","0"
"2020-04-04","12","8","0","0","1","0","0","0","0","0","0","0"
"2020-04-05","13","6","0","0","0","0","0","0","0","0","0","0"
"2020-04-06","19","10","0","0","0","0","0","0","0","0","0","0"
"2020-04-07","19","9","0","0","1","0","0","0","0","0","0","0"
"2020-04-08","17","8","0","0","0","0","0","0","0","0","0","0"
"2020-04-09","16","12","0","0","0","0","0","0","0","0","0","0"
"2020-04-10","12","6","0","0","4","0","0","0","0","0","0","0"
"2020-04-11","7","7","0","0","0","0","0","0","0","0","0","0"
"2020-04-12","17","7","0","0","0","0","0","0","0","0","0","0"
"2020-04-13","20","11","0","0","4","3","0","0","0","0","0","0"
"2020-04-14","14","10","0","0","0","0","0","0","0","0","0","0"
"2020-04-15","18","14","0","0","0","0","0","0","0","0","0","0"
"2020-04-16","19","11","0","0","1","0","0","0","0","0","0","0"
"2020-04-17","10","13","0","0","0","0","0","0","0","0","0","0"
"2020-04-18","8","2","0","0","0","0","0","0","0","0","0","0"
"2020-04-19","11","4","0","0","0","0","0","0","0","0","0","0"
"2020-04-20","18","7","0","2","0","0","0","0","0","0","0","0"
"2020-04-21","19","7","0","0","0","0","0","0","0","0","0","0"
"2020-04-22","24","7","0","0","1","0","0","0","1","0","0","0"
"2020-04-23","13","13","0","0","0","1","0","0","0","0","0","0"
"2020-04-24","11","8","0","0","0","0","0","0","0","0","0","0"
"2020-04-25","7","5","0","0","4","0","0","0","0","0","0","0"
"2020-04-26","17","11","0","1","0","0","0","0","0","0","0","0"
"2020-04-27","18","7","0","0","0","0","0","0","0","0","0","0"
"2020-04-28","22","7","0","0","0","1","0","0","0","0","0","0"
"2020-04-29","14","7","0","0","0","0","0","0","0","0","0","0"
"2020-04-30","16","6","0","0","0","0","0","0","0","0","0","0"
"2020-05-01","15","3","1","0","1","0","0","0","0","0","0","0"
"2020-05-02","11","6","0","0","0","0","0","0","0","0","0","0"
"2020-05-03","7","5","0","0","0","0","0","0","0","0","0","0"
"2020-05-04","16","10","0","1","0","1","0","0","0","0","0","0"
"2020-05-05","8","10","0","0","1","0","0","0","0","0","0","0"
"2020-05-06","18","10","0","2","0","0","0","0","0","0","0","0"
"2020-05-07","14","21","0","0","0","3","0","0","0","0","0","0"
"2020-05-08","17","15","0","0","0","0","0","0","0","0","0","0"
"2020-05-09","6","7","0","0","0","0","0","0","0","0","0","0"
"2020-05-10","5","12","0","1","0","0","0","0","0","0","0","0"
"2020-05-11","8","16","0","0","0","0","0","0","0","0","0","0"
"2020-05-12","15","23","0","0","0","0","1","2","0","0","0","0"
"2020-05-13","22","14","0","0","1","0","1","0","0","0","0","0"
"2020-05-14","21","9","0","0","0","0","0","0","1","0","0","0"
"2020-05-15","18","19","0","0","0","0","0","0","0","0","0","0"
"2020-05-16","10","13","0","0","2","0","0","0","0","0","0","0"
"2020-05-17","13","11","0","0","0","0","0","0","0","0","0","0"
"2020-05-18","19","16","1","0","0","0","0","0","0","0","0","0"
"2020-05-19","20","9","0","0","2","0","0","0","0","0","0","0"
"2020-05-20","21","11","0","0","0","0","1","0","0","0","0","0"
"2020-05-21","16","27","0","0","0","0","0","0","0","0","0","0"
"2020-05-22","16","25","0","0","1","0","0","0","0","0","0","0"
"2020-05-23","8","12","0","0","0","0","0","0","0","0","0","0"
"2020-05-24","12","17","0","0","0","0","0","0","0","0","0","0"
"2020-05-25","15","16","0","0","1","0","0","0","0","0","0","0"
"2020-05-26","15","16","0","0","0","0","0","0","0","0","0","0"
"2020-05-27","13","12","0","0","0","0","1","0","0","0","0","0"
"2020-05-28","12","14","0","0","1","0","0","0","0","0","0","0"
"2020-05-29","7","9","0","0","0","0","0","0","0","0","0","0"
"2020-05-30","12","7","0","0","0","0","0","0","0","0","0","0"
"2020-05-31","9","20","0","0","0","0","0","0","0","0","0","0"
"2020-06-01","20","24","0","0","1","0","0","0","0","0","0","0"
"2020-06-02","12","24","0","1","0","0","0","0","0","0","0","0"
"2020-06-03","23","19","0","1","0","0","1","0","0","0","0","0"
"2020-06-04","20","21","0","0","1","0","0","0","0","0","0","0"
"2020-06-05","19","13","0","0","0","0","0","0","0","0","0","0"
"2020-06-06","6","11","0","0","0","0","0","0","0","0","0","0"
"2020-06-07","13","8","0","0","1","0","0","0","0","0","0","0"
"2020-06-08","10","16","0","3","0","0","0","0","0","0","0","0"
"2020-06-09","18","22","0","0","0","0","0","0","0","0","0","0"
"2020-06-10","13","13","0","1","1","0","0","0","0","0","0","0"
"2020-06-11","16","15","0","0","0","0","0","0","0","0","0","0"
"2020-06-12","10","6","0","0","0","0","0","0","0","0","0","0"
"2020-06-13","4","3","0","0","1","0","0","0","0","0","0","0"
"2020-06-14","6","8","0","0","0","0","0","0","0","0","0","0"
"2020-06-15","20","6","0","0","0","0","0","0","0","0","0","0"
"2020-06-16","21","9","0","0","1","0","0","0","0","0","0","0"
"2020-06-17","11","13","0","1","0","0","0","0","0","0","0","0"
"2020-06-18","22","11","0","0","0","0","1","0","0","0","0","0"
"2020-06-19","19","9","0","1","1","0","0","0","0","0","0","0"
"2020-06-20","7","14","0","0","0","0","0","0","0","0","0","0"
"2020-06-21","11","14","0","0","0","0","0","1","0","0","0","0"
"2020-06-22","18","21","0","2","1","0","0","0","0","0","0","0"
"2020-06-23","15","11","0","0","0","0","0","0","0","0","0","0"
"2020-06-24","24","17","0","0","0","0","1","0","0","0","0","0"
"2020-06-25","5","14","0","0","1","0","0","0","0","0","0","0"
"2020-06-26","6","12","0","0","0","0","0","0","0","0","0","0"
"2020-06-27","5","6","0","0","0","0","0","0","1","0","0","0"
"2020-06-28","6","7","0","1","1","0","0","0","0","0","0","0"
"2020-06-29","14","19","0","0","0","0","0","0","0","0","0","0"
"2020-06-30","12","17","0","0","0","0","0","1","0","0","0","0"
"2020-07-01","17","14","0","0","1","0","1","0","0","0","0","0"
"2020-07-02","5","12","0","0","0","0","2","0","0","0","0","0"
"2020-07-03","5","5","0","0","0","0","0","0","0","0","0","0"
"2020-07-04","8","4","0","0","0","0","0","0","0","0","0","0"
"2020-07-05","7","10","0","0","0","0","0","0","0","0","0","0"
"2020-07-06","12","16","0","0","0","0","1","0","0","0","0","0"
"2020-07-07","21","16","0","1","1","0","0","0","0","0","0","0"
"2020-07-08","11","8","0","1","0","0","0","0","0","0","0","0"
"2020-07-09","8","17","0","2","0","0","0","0","0","0","0","0"
"2020-07-10","17","11","0","0","0","1","0","0","0","0","0","0"
"2020-07-11","6","9","0","0","0","0","0","1","0","0","0","0"
"2020-07-12","8","4","0","1","0","0","1","0","0","0","0","0"
"2020-07-13","16","12","0","0","1","0","2","0","0","0","0","0"
"2020-07-14","12","16","0","0","0","0","2","0","0","0","0","0"
"2020-07-15","23","17","0","0","0","0","2","0","0","0","0","0"
"2020-07-16","6","21","0","0","1","0","2","0","0","0","0","0"
"2020-07-17","4","11","1","0","0","0","1","0","0","0","0","0"
"2020-07-18","8","6","0","0","0","0","0","0","0","0","0","0"
"2020-07-19","7","13","0","0","1","0","0","0","0","0","0","0"
"2020-07-20","11","14","0","0","0","0","1","0","0","0","0","0"
"2020-07-21","12","15","0","0","0","0","0","0","0","0","0","0"
"2020-07-22","10","8","0","0","1","0","1","0","1","0","0","0"
"2020-07-23","6","9","0","0","0","0","0","0","0","0","0","0"
"2020-07-24","12","6","0","0","0","0","0","0","0","0","0","0"
"2020-07-25","8","5","0","0","1","0","0","0","0","0","0","0"
"2020-07-26","6","11","0","0","0","0","0","0","0","0","0","0"
"2020-07-27","14","7","0","0","0","0","1","0","0","0","0","0"
"2020-07-28","15","8","0","0","1","1","0","0","0","0","0","0"
"2020-07-29","22","12","0","1","0","0","0","0","0","0","0","0"
"2020-07-30","9","14","0","0","0","0","0","0","0","0","0","0"
"2020-07-31","7","5","0","1","0","0","0","0","0","0","0","0"
"2020-08-01","7","5","0","0","1","0","0","0","0","0","0","0"
"2020-08-02","12","6","0","0","0","0","0","0","0","0","0","0"
"2020-08-03","12","9","0","0","0","0","0","0","0","0","0","0"
"2020-08-04","15","13","0","0","1","0","0","0","0","0","0","0"
"2020-08-05","18","10","2","0","0","0","0","0","0","0","0","0"
"2020-08-06","21","16","0","0","0","0","0","0","0","0","0","0"
"2020-08-07","13","8","0","0","1","0","0","0","0","0","0","0"
"2020-08-08","6","8","0","0","0","0","0","0","0","0","0","0"
"2020-08-09","7","5","0","0","0","0","0","0","0","0","0","0"
"2020-08-10","3","3","0","0","0","0","0","0","0","0","0","0"
"2020-08-11","2","5","0","0","0","0","0","0","0","0","0","0"
"2020-08-12","13","11","0","0","0","0","0","0","0","0","0","0"
"2020-08-13","8","17","0","2","1","0","1","0","0","0","0","0"
"2020-08-14","10","15","0","0","0","0","0","0","0","0","0","0"
"2020-08-15","10","4","1","0","0","0","1","1","0","0","0","0"
"2020-08-16","2","8","0","0","1","0","0","0","0","0","0","0"
"2020-08-17","12","17","0","1","0","0","0","0","0","0","0","0"
"2020-08-18","8","21","0","0","0","0","0","0","0","0","0","0"
"2020-08-19","15","6","0","0","1","1","0","0","0","0","0","0"
"2020-08-20","11","15","0","0","0","0","1","0","0","0","0","0"
"2020-08-21","7","12","0","0","0","0","0","0","0","0","0","0"
"2020-08-22","3","6","0","0","1","0","0","0","0","0","0","0"
"2020-08-23","5","4","0","0","0","0","0","0","0","0","0","0"
"2020-08-24","12","13","0","2","0","0","0","0","0","0","0","0"
"2020-08-25","18","16","0","0","1","2","1","0","0","0","0","0"
"2020-08-26","21","10","0","0","0","0","0","0","0","0","0","0"
"2020-08-27","15","11","0","0","0","0","0","0","0","0","0","0"
"2020-08-28","13","14","0","1","1","0","0","1","0","0","0","0"
"2020-08-29","8","8","0","0","0","0","0","1","0","0","0","0"
"2020-08-30","7","2","0","0","0","0","0","0","0","0","0","0"
"2020-08-31","10","14","0","1","0","0","0","0","0","0","0","0"
"2020-09-01","19","13","0","0","1","0","0","0","0","0","0","0"
"2020-09-02","27","12","0","0","0","0","0","0","0","0","0","0"
"2020-09-03","16","28","0","0","0","0","0","0","0","0","0","0"
"2020-09-04","13","18","0","0","1","0","0","0","0","0","0","0"
"2020-09-05","11","10","0","0","0","0","0","0","0","0","0","0"
"2020-09-06","5","8","0","0","0","0","0","0","0","0","0","0"
"2020-09-07","20","20","0","0","1","0","0","0","0","0","0","0"
"2020-09-08","27","10","0","1","0","0","0","1","0","0","0","0"
"2020-09-09","13","16","0","0","0","0","0","0","0","0","0","0"
"2020-09-10","15","12","0","0","1","0","0","0","0","0","0","0"
"2020-09-11","15","17","0","0","0","0","2","0","1","0","0","0"
"2020-09-12","5","4","0","0","0","0","0","1","0","0","0","0"
"2020-09-13","8","4","0","0","1","0","0","0","0","0","0","0"
"2020-09-14","14","17","0","0","0","0","4","0","0","0","0","0"
"2020-09-15","16","15","0","0","0","0","1","0","0","0","0","0"
"2020-09-16","15","13","0","1","1","0","0","0","0","0","0","0"
"2020-09-17","20","16","0","0","0","0","1","0","0","0","0","0"
"2020-09-18","13","10","0","0","0","0","0","0","0","0","0","0"
"2020-09-19","7","4","0","0","1","0","0","0","0","0","0","0"
"2020-09-20","8","5","0","0","0","0","0","0","0","0","0","0"
"2020-09-21","24","13","0","0","0","0","0","0","0","0","0","0"
"2020-09-22","17","16","0","0","1","0","0","0","0","0","0","0"
"2020-09-23","14","20","0","0","0","0","0","0","0","0","0","0"
"2020-09-24","14","14","0","1","0","0","2","0","0","0","0","0"
"2020-09-25","12","10","0","0","0","0","0","0","0","0","0","0"
"2020-09-26","8","11","0","0","0","0","0","0","0","0","0","0"
"2020-09-27","8","6","0","0","0","0","0","0","0","0","0","0"
"2020-09-28","13","28","0","0","0","0","0","0","0","0","0","0"
"2020-09-29","15","28","0","0","0","0","0","0","0","0","0","0"
"2020-09-30","17","31","0","3","0","0","1","0","1","0","0","0"
"2020-10-01","17","23","0","0","1","0","0","1","0","0","0","0"
"2020-10-02","13","19","0","0","0","0","0","0","0","0","0","0"
"2020-10-03","13","10","0","0","0","0","0","0","0","0","0","0"
"2020-10-04","11","14","0","0","1","0","0","0","0","0","0","0"
"2020-10-05","25","16","0","0","0","0","0","0","0","0","0","0"
"2020-10-06","16","19","1","1","0","0","0","0","0","0","0","0"
"2020-10-07","17","18","0","0","1","0","0","0","0","0","0","0"
"2020-10-08","16","13","0","0","0","0","0","0","0","0","0","0"
"2020-10-09","18","15","0","0","0","0","0","0","0","0","0","0"
"2020-10-10","6","8","0","0","0","0","0","0","0","0","0","0"
"2020-10-11","8","16","0","0","1","0","0","0","0","0","0","0"
"2020-10-12","14","22","0","0","0","1","0","0","0","1","0","0"
"2020-10-13","18","14","0","0","0","0","0","0","0","0","0","0"
"2020-10-14","25","17","0","0","0","2","0","0","0","0","0","0"
"2020-10-15","12","16","0","0","0","1","0","0","0","0","0","0"
"2020-10-16","17","14","0","1","0","2","0","0","0","0","0","0"
"2020-10-17","18","11","0","0","0","2","0","0","0","0","0","0"
"2020-10-18","21","16","0","0","1","0","0","0","0","0","0","0"
"2020-10-19","12","25","0","0","0","0","0","0","0","0","0","0"
"2020-10-20","15","16","0","0","1","0","0","0","0","0","0","0"
"2020-10-21","21","19","0","0","0","2","0","0","0","0","0","0"
"2020-10-22","27","21","0","0","1","0","0","0","0","0","0","0"
"2020-10-23","20","20","0","0","0","0","1","0","0","0","0","0"
"2020-10-24","10","8","0","0","0","0","0","1","0","0","0","0"
"2020-10-25","18","8","0","0","0","0","0","0","0","0","0","0"
"2020-10-26","27","26","0","0","0","0","0","0","0","0","0","0"
"2020-10-27","22","38","0","0","0","0","0","0","0","0","0","0"
"2020-10-28","30","30","1","0","1","0","0","0","0","2","0","0"
"2020-10-29","26","22","0","0","0","2","0","0","0","0","0","0"
"2020-10-30","15","21","0","0","0","1","0","0","0","0","0","0"
"2020-10-31","20","7","0","1","0","0","0","0","0","0","0","0"
"2020-11-01","14","10","0","0","0","0","0","0","0","0","0","0"
"2020-11-02","25","20","0","0","1","0","0","0","0","0","0","0"
"2020-11-03","18","32","0","0","0","0","0","0","0","0","0","0"
"2020-11-04","26","17","0","1","1","0","0","0","0","0","0","0"
"2020-11-05","19","21","0","0","0","0","0","0","0","0","0","0"
"2020-11-06","18","14","0","1","0","0","0","0","0","0","0","0"
"2020-11-07","16","12","0","1","0","0","0","0","0","0","0","0"
"2020-11-08","16","10","0","0","0","0","0","1","0","0","0","0"
"2020-11-09","26","22","0","1","0","0","0","0","0","0","0","0"
"2020-11-10","28","28","0","0","0","0","0","0","0","0","0","0"
"2020-11-11","23","31","0","0","0","0","0","0","0","0","0","0"
"2020-11-12","20","33","0","1","0","0","0","0","0","1","0","0"
"2020-11-13","22","29","0","1","1","0","0","0","0","0","0","0"
"2020-11-14","18","22","0","0","0","0","0","0","0","0","0","0"
"2020-11-15","17","23","0","0","0","0","0","0","0","0","0","0"
"2020-11-16","23","29","1","0","0","2","0","0","0","0","0","0"
"2020-11-17","26","26","0","0","0","0","0","0","0","0","0","0"
"2020-11-18","29","30","0","0","1","0","1","0","0","0","0","0"
"2020-11-19","24","20","0","1","1","0","0","0","0","0","0","0"
"2020-11-20","20","21","0","0","0","0","0","0","0","0","0","0"
"2020-11-21","16","18","0","0","0","0","0","0","0","0","0","0"
"2020-11-22","10","21","0","0","2","0","0","0","0","0","0","0"
"2020-11-23","13","34","0","1","0","0","0","0","0","0","0","0"
"2020-11-24","26","25","0","0","0","0","1","0","0","0","0","0"
"2020-11-25","18","31","0","0","0","0","0","0","0","0","0","0"
"2020-11-26","23","37","0","2","1","0","0","0","0","0","0","0"
"2020-11-27","26","34","0","0","0","0","0","0","0","0","0","0"
"2020-11-28","12","19","0","0","2","0","0","0","0","0","0","0"
"2020-11-29","15","20","0","0","0","0","0","0","0","0","0","0"
"2020-11-30","23","15","0","0","0","0","1","0","0","0","0","0"
"2020-12-01","22","15","0","0","1","0","0","0","0","0","0","0"
"2020-12-02","25","19","0","0","0","0","0","0","0","0","0","0"
"2020-12-03","27","24","0","0","0","0","0","0","0","0","0","0"
"2020-12-04","21","21","0","1","2","5","0","0","0","0","0","0"
"2020-12-05","12","11","0","0","0","0","0","0","0","0","0","0"
"2020-12-06","12","20","0","2","0","0","0","0","0","0","0","0"
"2020-12-07","13","31","0","1","1","2","0","1","0","0","0","0"
"2020-12-08","27","21","0","0","0","0","0","0","0","0","0","0"
"2020-12-09","14","27","0","0","0","0","0","0","0","0","0","0"
"2020-12-10","23","16","0","0","1","0","0","0","0","0","0","0"
"2020-12-11","19","24","0","0","0","0","0","0","0","0","0","0"
"2020-12-12","16","17","0","1","0","0","0","0","0","0","0","0"
"2020-12-13","11","15","0","0","1","1","0","0","0","0","0","0"
"2020-12-14","31","28","0","1","0","1","0","0","1","0","0","0"
"2020-12-15","22","22","0","0","0","0","0","0","0","0","0","0"
"2020-12-16","22","37","0","0","2","2","0","0","0","0","0","0"
"2020-12-17","34","35","0","0","0","0","0","0","0","0","0","0"
"2020-12-18","21","28","1","0","0","0","0","0","0","0","0","0"
"2020-12-19","19","18","0","0","0","0","0","0","0","0","0","0"
"2020-12-20","20","16","0","1","0","0","0","0","0","0","0","0"
"2020-12-21","20","31","0","0","0","0","1","0","0","0","0","0"
"2020-12-22","28","21","0","0","1","0","0","0","0","0","0","0"
"2020-12-23","30","25","0","0","0","1","0","0","0","0","0","0"
"2020-12-24","17","15","0","1","0","0","1","0","0","0","0","0"
"2020-12-25","19","19","0","0","0","0","1","0","0","0","0","0"
"2020-12-26","13","14","0","0","0","0","0","0","0","0","0","0"
"2020-12-27","19","13","0","0","0","0","1","0","0","0","0","0"
"2020-12-28","22","18","0","0","0","1","1","0","0","0","0","0"
"2020-12-29","17","27","0","1","0","0","0","0","0","0","0","0"
"2020-12-30","17","19","0","0","0","2","0","0","0","0","0","0"
"2020-12-31","7","14","0","0","0","0","0","0","0","0","0","0"
"2021-01-01","9","11","0","0","0","0","0","0","0","0","0","0"
"2021-01-02","15","17","0","0","0","0","1","0","0","0","0","0"
"2021-01-03","22","24","0","0","0","0","0","0","0","0","0","0"
"2021-01-04","31","29","0","1","1","0","0","0","0","0","0","0"
"2021-01-05","32","22","0","0","0","0","0","0","0","0","0","0"
"2021-01-06","22","23","0","0","0","0","0","1","0","0","0","0"
"2021-01-07","22","15","0","0","0","0","0","0","0","0","0","0"
"2021-01-08","17","27","0","0","0","1","0","0","0","0","0","0"
"2021-01-09","33","22","0","0","0","0","0","0","0","0","0","0"
"2021-01-10","27","16","0","0","0","0","1","0","0","0","0","0"
"2021-01-11","48","33","0","0","0","0","0","0","0","0","0","0"
"2021-01-12","33","27","0","0","0","0","1","0","0","0","0","0"
"2021-01-13","30","31","0","0","0","1","0","0","0","0","0","0"
"2021-01-14","39","21","0","1","0","0","1","0","0","0","0","0"
"2021-01-15","29","17","0","0","0","0","1","0","0","0","0","0"
"2021-01-16","18","15","0","1","0","1","1","0","0","0","0","0"
"2021-01-17","35","16","0","0","0","0","0","0","0","0","0","0"
"2021-01-18","24","24","0","0","0","0","0","0","0","0","0","0"
"2021-01-19","36","16","0","0","0","1","1","0","0","0","0","0"
"2021-01-20","16","7","0","2","0","0","0","0","0","0","0","0"
"2021-01-21","30","13","0","0","0","0","0","0","0","0","0","0"
"2021-01-22","28","21","0","1","1","0","1","0","0","0","0","0"
"2021-01-23","15","16","0","1","0","0","0","0","0","0","0","0"
"2021-01-24","24","13","1","0","0","2","0","0","0","0","0","0"
"2021-01-25","38","26","0","1","0","0","0","0","0","0","0","0"
"2021-01-26","24","20","0","1","0","0","0","0","0","0","0","0"
"2021-01-27","31","18","0","0","0","0","0","0","0","0","0","0"
"2021-01-28","19","24","0","0","0","0","1","0","0","0","0","0"
"2021-01-29","33","21","0","0","0","0","0","0","0","0","0","0"
"2021-01-30","21","0","0","0","0","2","0","0","0","0","0","0"
"2021-01-31","30","14","0","0","0","0","0","0","0","0","0","0"
"2021-02-01","34","20","0","1","0","0","1","0","0","0","0","0"
"2021-02-02","29","26","0","0","0","1","0","0","0","0","0","0"
"2021-02-03","29","31","0","1","0","0","0","0","0","0","0","0"
"2021-02-04","21","18","0","0","1","0","0","0","0","0","0","0"
"2021-02-05","24","25","0","0","0","1","0","0","0","0","0","0"
"2021-02-06","23","20","0","0","0","0","0","0","0","0","0","0"
"2021-02-07","20","11","0","0","0","0","1","0","0","0","0","0"
"2021-02-08","22","25","0","0","0","0","0","0","0","0","0","0"
"2021-02-09","23","28","1","0","0","1","0","0","0","0","0","0"
"2021-02-10","33","27","0","0","0","0","2","0","0","0","0","0"
"2021-02-11","22","34","0","0","1","1","3","1","0","0","0","0"
"2021-02-12","34","19","1","0","0","0","1","0","0","0","0","0"
"2021-02-13","29","17","0","0","0","0","0","0","0","0","0","0"
"2021-02-14","18","16","0","1","0","0","0","0","0","0","0","0"
"2021-02-15","27","20","1","0","0","0","1","0","0","0","0","0"
"2021-02-16","23","25","1","0","1","0","0","0","1","0","0","0"
"2021-02-17","35","30","0","1","0","0","0","0","0","0","0","0"
"2021-02-18","31","33","0","1","0","0","1","0","0","0","0","0"
"2021-02-19","22","28","0","0","0","1","1","0","0","0","0","0"
"2021-02-20","20","15","0","0","0","0","0","0","0","0","0","0"
"2021-02-21","27","25","0","0","0","0","0","0","0","0","0","0"
"2021-02-22","38","27","1","0","1","0","0","1","0","0","0","0"
"2021-02-23","34","24","0","0","0","2","0","4","0","0","0","0"
"2021-02-24","40","23","0","0","0","0","0","0","0","0","0","0"
"2021-02-25","25","25","0","0","0","0","0","1","0","0","0","0"
"2021-02-26","28","21","0","0","0","1","0","0","0","0","0","0"
"2021-02-27","27","16","0","2","0","0","0","2","0","0","0","0"
"2021-02-28","35","14","0","0","1","0","0","1","0","0","0","0"
"2021-03-01","46","36","0","0","0","0","1","1","0","0","0","0"
"2021-03-02","42","33","0","0","0","0","1","0","0","0","0","0"
"2021-03-03","26","24","0","0","0","0","1","1","0","0","0","0"
"2021-03-04","31","20","0","1","0","0","1","0","0","0","0","0"
"2021-03-05","32","16","0","0","0","0","0","0","0","0","0","0"
"2021-03-06","24","20","0","0","0","0","1","0","0","0","0","0"
"2021-03-07","14","13","0","0","0","0","0","1","0","0","0","0"
"2021-03-08","33","13","0","0","0","0","0","0","0","0","0","0"
"2021-03-09","30","25","0","0","0","2","1","0","0","0","0","0"
"2021-03-10","37","24","0","0","2","0","0","2","0","0","0","0"
"2021-03-11","32","22","0","0","0","0","1","0","0","0","0","0"
"2021-03-12","34","30","0","0","0","0","0","0","0","0","0","0"
"2021-03-13","25","21","0","0","0","1","0","0","0","0","0","0"
"2021-03-14","31","13","1","2","0","0","0","0","0","0","0","0"
"2021-03-15","21","19","0","0","0","0","1","0","0","0","0","0"
"2021-03-16","30","26","1","0","0","0","0","1","0","0","0","0"
"2021-03-17","38","16","0","0","0","0","1","1","0","0","0","0"
"2021-03-18","32","16","0","0","0","0","0","0","0","0","0","0"
"2021-03-19","38","26","0","1","0","1","1","0","0","0","0","0"
"2021-03-20","20","9","0","0","0","0","1","0","0","0","0","0"
"2021-03-21","24","15","0","0","0","1","0","0","0","0","0","0"
"2021-03-22","41","29","0","0","1","0","2","0","0","0","0","0"
"2021-03-23","25","28","0","0","0","0","0","0","0","0","0","0"
"2021-03-24","36","25","0","0","0","1","0","0","0","0","0","0"
"2021-03-25","31","14","0","0","1","0","0","1","0","0","0","0"
"2021-03-26","22","20","0","1","0","0","0","0","0","0","0","0"
"2021-03-27","14","7","0","0","0","0","0","0","0","0","0","0"
"2021-03-28","20","9","0","0","1","0","0","0","0","0","0","0"
"2021-03-29","39","19","0","0","1","0","1","0","0","0","0","0"
"2021-03-30","34","18","0","1","0","1","1","0","0","0","0","0"
"2021-03-31","24","15","0","0","0","0","0","0","0","0","0","0"
"2021-04-01","29","10","0","0","1","0","0","0","0","0","0","0"
"2021-04-02","17","15","0","0","0","1","0","0","0","0","0","0"
"2021-04-03","21","8","0","0","0","0","0","0","0","0","0","0"
"2021-04-04","21","14","0","0","1","0","0","0","0","0","0","0"
"2021-04-05","25","28","0","0","0","0","2","0","0","0","0","0"
"2021-04-06","30","23","1","0","0","0","1","0","0","0","0","0"
"2021-04-07","21","12","0","0","1","0","0","0","0","0","0","0"
"2021-04-08","35","14","0","0","0","0","1","0","0","0","0","0"
"2021-04-09","26","18","0","2","0","0","2","0","0","0","0","0"
"2021-04-10","14","5","1","1","1","0","0","0","0","0","0","0"
"2021-04-11","19","8","1","2","1","0","0","0","0","0","0","0"
"2021-04-12","32","16","0","0","0","0","0","0","0","0","0","0"
"2021-04-13","23","23","2","1","0","3","0","0","0","0","0","0"
"2021-04-14","32","15","0","0","1","1","0","0","0","0","0","0"
"2021-04-15","22","26","0","0","0","0","1","0","0","0","0","0"
"2021-04-16","25","16","0","0","0","0","0","0","0","0","0","0"
"2021-04-17","11","9","0","0","0","0","0","0","0","0","0","0"
"2021-04-18","21","6","0","0","0","0","0","0","0","0","0","0"
"2021-04-19","31","22","0","0","0","0","0","0","0","0","0","0"
"2021-04-20","30","21","1","0","0","1","0","0","0","0","0","0"
"2021-04-21","21","21","0","1","0","2","0","0","0","0","0","0"
"2021-04-22","24","24","0","0","1","0","1","0","0","0","0","0"
"2021-04-23","30","21","1","0","0","0","0","0","0","0","0","0"
"2021-04-24","12","12","1","0","0","0","0","0","0","0","0","0"
"2021-04-25","32","7","0","0","1","1","0","0","0","0","0","0"
"2021-04-26","32","28","1","0","0","1","2","0","0","0","0","0"
"2021-04-27","26","20","0","2","0","1","1","0","0","0","0","0"
"2021-04-28","32","18","0","0","2","0","1","0","0","0","0","0"
"2021-04-29","31","20","1","0","0","0","0","0","0","0","0","0"
"2021-04-30","27","18","0","0","0","2","0","0","0","0","0","0"
"2021-05-01","14","6","0","0","0","0","0","0","0","0","0","0"
"2021-05-02","16","15","0","0","0","0","0","0","0","0","0","0"
"2021-05-03","26","19","0","0","0","0","0","0","0","0","0","0"
"2021-05-04","27","11","0","0","2","0","0","0","0","0","0","0"
"2021-05-05","27","19","0","0","0","1","3","0","0","0","0","0"
"2021-05-06","21","16","0","0","0","0","0","0","0","0","0","0"
"2021-05-07","25","24","0","0","0","1","0","0","0","0","0","0"
"2021-05-08","20","6","0","0","0","0","0","0","0","0","0","0"
"2021-05-09","14","9","0","0","0","0","0","0","0","0","0","0"
"2021-05-10","12","10","0","0","2","0","0","0","0","0","0","0"
"2021-05-11","13","14","0","0","0","0","0","0","0","0","0","0"
"2021-05-12","18","17","0","0","0","1","0","0","0","0","0","0"
"2021-05-13","41","35","1","0","1","0","0","0","0","0","0","0"
"2021-05-14","34","23","1","0","0","0","0","0","0","0","0","0"
"2021-05-15","21","14","0","1","0","1","2","0","0","1","0","0"
"2021-05-16","19","7","0","1","2","0","0","0","0","0","0","0"
"2021-05-17","23","26","0","2","0","2","0","0","0","0","0","0"
"2021-05-18","45","33","1","0","0","0","0","0","0","0","0","0"
"2021-05-19","27","23","1","0","0","0","0","0","0","1","0","0"
"2021-05-20","23","35","0","0","0","2","0","0","0","0","0","0"
"2021-05-21","26","34","0","0","0","0","0","0","1","0","0","0"
"2021-05-22","14","14","0","0","0","2","0","0","0","0","0","0"
"2021-05-23","19","14","1","0","0","0","0","0","0","0","0","0"
"2021-05-24","34","24","0","0","0","1","0","0","0","0","0","0"
"2021-05-25","22","34","0","0","1","0","0","0","0","0","0","0"
"2021-05-26","32","22","0","0","0","0","0","0","0","0","0","0"
"2021-05-27","25","21","0","1","0","0","0","0","0","0","0","0"
"2021-05-28","16","21","0","0","0","0","0","0","0","0","0","0"
"2021-05-29","21","11","1","1","0","0","0","0","0","0","0","0"
"2021-05-30","17","20","0","0","0","0","0","0","0","0","0","0"
"2021-05-31","24","27","0","0","0","0","0","0","0","0","0","0"
"2021-06-01","25","26","0","1","0","0","0","0","0","0","0","0"
"2021-06-02","16","32","0","0","0","0","0","0","0","0","0","0"
"2021-06-03","27","35","0","0","0","2","0","1","0","0","0","0"
"2021-06-04","24","15","0","0","0","0","0","0","0","0","0","0"
"2021-06-05","9","5","0","0","0","0","0","0","0","0","0","0"
"2021-06-06","13","9","0","1","0","0","0","0","0","0","0","0"
"2021-06-07","34","22","0","0","0","0","0","0","0","0","0","0"
"2021-06-08","24","19","0","0","0","0","0","0","0","0","0","0"
"2021-06-09","22","29","0","1","0","0","0","0","0","1","0","0"
"2021-06-10","25","17","0","0","1","0","0","0","0","0","0","0"
"2021-06-11","15","25","0","0","0","0","0","0","0","0","0","0"
"2021-06-12","8","6","0","0","0","1","0","0","0","0","0","0"
"2021-06-13","14","6","0","0","0","0","0","0","0","0","0","0"
"2021-06-14","31","24","0","1","0","0","0","0","0","0","0","0"
"2021-06-15","27","14","0","0","0","1","0","0","0","0","0","0"
"2021-06-16","22","12","0","0","0","1","0","0","0","0","0","0"
"2021-06-17","21","22","0","0","0","0","0","0","0","0","0","0"
"2021-06-18","23","19","0","0","0","0","0","0","0","0","0","0"
"2021-06-19","15","4","0","0","0","0","0","0","0","0","0","0"
"2021-06-20","9","8","0","0","0","1","0","0","0","0","0","0"
"2021-06-21","20","15","0","0","0","0","0","0","0","0","0","0"
"2021-06-22","25","14","0","0","0","0","0","0","0","1","0","0"
"2021-06-23","22","13","0","0","0","1","0","0","0","0","0","0"
"2021-06-24","19","17","0","0","0","0","0","0","0","0","0","0"
"2021-06-25","18","17","0","0","1","0","0","0","0","0","0","0"
"2021-06-26","15","5","0","0","0","0","0","0","0","0","0","0"
"2021-06-27","15","7","0","0","0","0","0","0","0","0","0","0"
"2021-06-28","18","28","0","1","2","0","0","0","0","0","0","0"
"2021-06-29","34","26","0","0","0","0","0","0","0","0","0","0"
"2021-06-30","24","24","0","0","0","1","0","0","0","0","0","0"
"2021-07-01","36","26","0","0","0","0","0","0","0","0","0","0"
"2021-07-02","17","15","0","0","0","0","0","0","0","0","0","0"
"2021-07-03","14","5","0","0","0","0","0","0","0","0","0","0"
"2021-07-04","13","7","0","0","2","0","0","0","0","0","0","0"
"2021-07-05","20","19","0","0","0","0","0","0","0","0","0","0"
"2021-07-06","14","11","0","0","0","0","0","0","0","0","0","0"
"2021-07-07","15","18","0","0","0","0","0","0","0","1","0","0"
"2021-07-08","16","23","0","0","0","1","0","0","0","0","0","0"
"2021-07-09","12","12","0","0","0","0","0","0","0","0","0","0"
"2021-07-10","10","8","0","0","1","0","0","0","0","0","0","0"
"2021-07-11","5","10","0","0","0","0","0","0","0","0","0","0"
"2021-07-12","13","21","0","0","0","1","0","0","0","0","0","0"
"2021-07-13","13","14","0","1","1","1","0","0","0","0","0","0"
"2021-07-14","14","23","0","0","0","1","0","0","0","0","0","0"
"2021-07-15","20","17","0","0","0","0","0","0","0","0","0","0"
"2021-07-16","9","8","0","0","1","0","0","0","0","0","0","0"
"2021-07-17","9","7","0","0","0","0","0","0","0","0","0","0"
"2021-07-18","6","11","0","0","0","1","0","0","0","0","0","0"
"2021-07-19","16","18","0","0","0","0","0","0","0","0","0","0"
"2021-07-20","20","15","0","0","0","0","0","0","0","0","1","0"
"2021-07-21","16","13","0","0","0","0","0","0","0","0","0","0"
"2021-07-22","24","20","0","0","0","0","0","0","0","0","0","0"
"2021-07-23","17","23","0","0","0","0","0","0","0","0","0","0"
"2021-07-24","11","2","0","0","0","1","0","0","0","0","0","0"
"2021-07-25","8","3","0","0","1","0","0","0","0","0","0","0"
"2021-07-26","17","18","1","0","0","0","0","0","0","0","0","0"
"2021-07-27","26","21","0","0","0","0","0","0","0","0","0","0"
"2021-07-28","15","14","0","0","2","0","0","0","0","0","0","0"
"2021-07-29","29","17","0","0","0","0","0","0","0","0","0","0"
"2021-07-30","13","15","0","0","0","1","0","0","0","0","0","0"
"2021-07-31","6","9","1","0","0","0","0","0","0","0","0","0"
"2021-08-01","13","7","0","0","0","0","0","0","0","0","0","0"
"2021-08-02","14","18","0","0","1","0","0","0","0","0","0","0"
"2021-08-03","16","24","0","1","0","2","0","0","0","0","0","0"
"2021-08-04","19","22","0","0","1","0","0","0","0","0","0","0"
"2021-08-05","18","21","0","1","0","0","0","0","0","0","0","0"
"2021-08-06","14","19","0","2","0","1","0","0","0","0","0","0"
"2021-08-07","17","8","0","0","0","0","0","0","0","0","0","0"
"2021-08-08","10","8","0","0","0","0","0","0","0","0","0","0"
"2021-08-09","16","24","0","2","0","2","0","0","0","0","0","0"
"2021-08-10","15","17","0","1","0","0","0","0","0","0","0","0"
"2021-08-11","14","24","0","0","0","0","0","0","0","0","0","0"
"2021-08-12","19","22","0","1","0","0","0","0","0","0","0","0"
"2021-08-13","13","5","0","0","0","0","0","0","0","0","0","0"
"2021-08-14","15","7","0","0","0","0","0","0","0","0","0","0"
"2021-08-15","10","11","0","0","0","0","0","0","0","0","0","0"
"2021-08-16","14","18","0","0","0","1","0","0","0","0","0","0"
"2021-08-17","23","22","0","0","0","0","0","0","0","0","0","0"
"2021-08-18","15","26","0","0","0","0","0","0","0","0","0","0"
"2021-08-19","12","12","0","0","0","0","0","0","0","0","0","0"
"2021-08-20","5","15","0","0","0","0","0","0","0","0","0","0"
"2021-08-21","8","9","0","0","0","0","0","0","0","0","0","0"
"2021-08-22","15","6","0","0","1","0","0","0","0","0","0","0"
"2021-08-23","27","21","0","0","0","0","0","0","0","0","0","0"
"2021-08-24","15","29","2","1","0","0","0","0","0","0","0","0"
"2021-08-25","16","19","0","0","0","1","0","0","0","0","0","0"
"2021-08-26","18","17","0","0","0","0","0","0","2","0","0","0"
"2021-08-27","21","23","0","0","0","0","0","0","0","0","0","0"
"2021-08-28","14","8","0","0","0","0","0","0","0","0","0","0"
"2021-08-29","9","7","0","0","1","0","0","0","0","0","0","0"
"2021-08-30","13","21","0","0","0","0","0","0","0","0","0","0"
"2021-08-31","22","17","0","0","0","0","0","0","0","0","0","0"
"2021-09-01","11","19","0","0","1","0","0","0","0","0","0","0"
"2021-09-02","26","30","0","0","0","1","0","0","0","0","0","0"
"2021-09-03","22","15","0","0","0","0","0","0","1","0","0","0"
"2021-09-04","15","9","0","0","0","0","0","0","0","0","0","0"
"2021-09-05","18","7","0","1","0","0","0","0","0","0","0","0"
"2021-09-06","17","26","0","0","0","4","0","0","0","0","0","0"
"2021-09-07","19","21","0","0","0","1","0","0","0","0","0","0"
"2021-09-08","19","26","0","1","0","0","0","0","0","0","0","0"
"2021-09-09","15","18","0","0","0","0","0","0","0","0","0","0"
"2021-09-10","11","23","0","0","0","0","0","0","0","0","0","0"
"2021-09-11","7","15","0","0","0","2","0","0","0","0","0","0"
"2021-09-12","12","9","0","0","0","0","0","0","0","0","0","0"
"2021-09-13","16","22","0","0","0","0","0","0","0","0","0","0"
"2021-09-14","20","21","0","0","0","1","0","0","0","0","0","0"
"2021-09-15","18","26","0","0","0","0","0","1","0","0","0","0"
"2021-09-16","18","20","0","0","0","1","0","0","0","0","0","0"
"2021-09-17","21","19","0","0","0","0","0","0","0","0","0","0"
"2021-09-18","12","7","0","0","0","0","0","0","0","0","0","0"
"2021-09-19","20","12","0","0","0","0","0","0","0","0","0","0"
"2021-09-20","28","23","0","0","0","1","0","0","0","0","0","0"
"2021-09-21","16","31","0","1","0","0","0","0","0","0","0","0"
"2021-09-22","13","24","0","1","0","1","0","0","0","0","0","0"
"2021-09-23","18","20","0","0","0","0","0","0","0","0","0","0"
"2021-09-24","13","13","0","1","0","0","0","0","0","0","0","0"
"2021-09-25","0","0","0","0","0","0","0","0","0","0","0","0"
"2021-09-26","0","0","0","0","0","0","0","0","0","0","0","0"
"2021-09-27","19","20","0","0","0","0","0","0","0","0","0","0"
"2021-09-28","13","14","0","0","0","1","0","0","0","0","0","0"
"2021-09-29","17","20","0","0","0","0","0","0","0","0","0","0"
"2021-09-30","22","28","0","0","0","0","0","0","0","0","0","0"
"2021-10-01","18","15","0","0","0","0","0","0","0","0","0","0"
"2021-10-02","11","7","0","0","0","0","0","0","0","1","0","0"
"2021-10-03","14","10","0","0","0","1","0","0","0","0","0","0"
"2021-10-04","25","21","0","0","0","0","0","0","0","0","0","0"
"2021-10-05","18","23","0","0","0","0","0","0","1","0","0","0"
"2021-10-06","20","27","0","0","0","0","0","1","0","0","0","0"
"2021-10-07","14","32","0","0","0","0","0","0","0","0","0","0"
"2021-10-08","19","30","0","0","0","0","0","0","0","0","0","0"
"2021-10-09","9","11","0","0","0","1","0","0","0","0","0","0"
"2021-10-10","15","6","0","0","0","0","0","0","0","0","0","0"
"2021-10-11","18","23","0","0","0","0","0","0","0","0","0","0"
"2021-10-12","20","30","0","2","0","0","0","0","0","0","0","0"
"2021-10-13","24","30","0","0","0","0","0","0","0","0","0","0"
"2021-10-14","14","29","0","0","0","0","0","0","0","0","0","0"
"2021-10-15","24","16","0","1","0","0","0","0","0","0","0","0"
"2021-10-16","11","8","0","0","0","1","0","0","0","0","0","0"
"2021-10-17","14","13","0","0","0","0","0","0","0","0","0","0"
"2021-10-18","15","21","0","0","0","2","0","0","0","0","0","0"
"2021-10-19","22","26","0","0","0","0","0","0","0","1","0","0"
"2021-10-20","15","27","0","0","0","1","0","0","0","0","0","0"
"2021-10-21","23","20","0","1","0","0","0","0","0","0","0","0"
"2021-10-22","25","18","0","0","0","0","0","0","0","0","0","0"
"2021-10-23","12","11","0","0","0","0","0","0","0","1","0","0"
"2021-10-24","14","24","0","0","0","0","0","0","0","0","0","0"
"2021-10-25","26","28","0","0","0","2","0","0","0","0","0","0"
"2021-10-26","24","13","0","0","0","0","0","0","1","0","0","0"
"2021-10-27","20","12","0","2","0","2","0","0","0","0","0","0"
"2021-10-28","18","18","0","0","0","0","0","0","0","0","0","0"
"2021-10-29","19","13","1","1","0","0","0","0","0","0","0","0"
"2021-10-30","12","9","1","0","0","0","0","0","0","0","0","0"
"2021-10-31","12","6","0","0","0","0","0","0","0","0","0","0"
"2021-11-01","30","24","0","0","0","0","0","0","0","0","0","0"
"2021-11-02","33","19","0","0","0","1","0","0","0","0","0","0"
"2021-11-03","26","18","0","2","0","1","0","0","0","0","0","0"
"2021-11-04","27","17","0","1","0","0","0","0","0","0","0","0"
"2021-11-05","33","16","0","0","0","0","0","0","0","0","0","0"
"2021-11-06","12","11","0","0","0","1","0","0","0","0","0","0"
"2021-11-07","16","12","0","0","0","0","0","0","0","0","0","0"
"2021-11-08","33","25","1","0","0","0","0","0","0","0","0","0"
"2021-11-09","26","18","0","0","0","1","0","0","0","0","0","0"
"2021-11-10","13","19","1","1","0","0","0","0","0","0","0","0"
"2021-11-11","25","16","0","0","0","0","0","0","0","0","0","0"
"2021-11-12","35","12","0","1","0","0","0","0","0","0","0","0"
"2021-11-13","15","10","0","0","0","1","0","0","0","0","0","0"
"2021-11-14","23","14","0","0","0","0","0","0","0","0","0","0"
"2021-11-15","19","18","0","0","0","0","0","0","0","0","0","0"
"2021-11-16","19","23","0","0","0","0","0","0","0","0","0","0"
"2021-11-17","24","26","0","0","0","0","0","0","0","0","0","0"
"2021-11-18","21","25","0","0","0","0","0","0","0","0","0","0"
"2021-11-19","22","26","0","0","0","0","0","0","0","0","0","0"
"2021-11-20","13","12","0","0","0","0","0","0","0","0","0","0"
"2021-11-21","7","5","0","0","0","0","0","0","0","0","0","0"
"2021-11-22","30","27","0","0","0","0","0","0","0","0","0","0"
"2021-11-23","27","23","0","0","0","0","0","0","0","0","0","0"
"2021-11-24","41","30","1","0","0","1","0","0","0","0","0","0"
"2021-11-25","22","22","0","0","0","0","0","0","0","0","0","0"
"2021-11-26","18","12","0","0","0","0","0","0","1","0","0","0"
"2021-11-27","13","8","0","0","0","1","0","0","0","0","0","0"
"2021-11-28","18","13","0","0","0","0","0","0","0","0","0","0"
"2021-11-29","23","18","0","0","0","0","0","0","0","0","0","0"
"2021-11-30","28","17","0","1","0","0","0","0","0","0","0","0"
"2021-12-01","29","28","0","1","0","1","0","0","0","0","0","0"
"2021-12-02","25","20","0","0","0","0","0","0","0","0","0","0"
"2021-12-03","34","18","0","0","0","0","0","0","0","0","0","0"
"2021-12-04","20","9","0","0","0","0","0","0","0","0","0","0"
"2021-12-05","19","14","0","0","0","0","0","0","0","0","0","0"
"2021-12-06","22","32","0","0","0","0","0","0","0","0","0","0"
"2021-12-07","19","20","0","0","0","2","0","0","0","0","0","0"
"2021-12-08","23","26","0","0","0","0","0","0","0","0","0","0"
"2021-12-09","22","33","1","0","0","0","0","0","0","0","0","0"
"2021-12-10","21","22","0","0","0","0","0","0","0","0","0","0"
"2021-12-11","15","13","0","2","0","0","0","0","0","0","0","0"
"2021-12-12","17","12","0","0","0","0","0","0","0","0","0","0"
"2021-12-13","30","25","0","0","0","1","0","0","0","0","0","0"
"2021-12-14","23","34","0","0","0","0","0","0","0","0","0","0"
"2021-12-15","25","27","0","0","0","0","0","0","0","0","0","0"
"2021-12-16","36","26","0","1","0","1","0","0","0","0","0","0"
"2021-12-17","24","23","0","0","0","0","0","0","0","0","0","0"
"2021-12-18","14","12","0","0","0","0","0","0","0","0","0","0"
"2021-12-19","12","13","0","0","0","0","0","0","0","0","0","0"
"2021-12-20","19","24","0","0","0","0","0","0","0","0","0","0"
"2021-12-21","12","16","0","0","0","1","0","0","0","0","0","0"
"2021-12-22","21","16","1","0","0","0","0","0","0","0","0","0"
"2021-12-23","28","19","0","0","0","0","0","0","0","0","0","0"
"2021-12-24","16","21","0","0","0","0","0","0","0","0","0","0"
"2021-12-25","6","11","0","0","0","0","0","0","0","0","0","0"
"2021-12-26","14","17","0","0","0","0","0","0","0","0","0","0"
"2021-12-27","21","20","0","0","0","0","0","0","0","0","0","0"
"2021-12-28","12","22","1","0","0","0","0","0","0","0","0","0"
"2021-12-29","19","17","0","0","0","3","0","0","0","0","0","0"
"2021-12-30","10","5","1","0","0","0","0","0","0","0","0","0"
"2021-12-31","4","5","0","0","0","0","0","0","0","0","0","0"
"2022-01-01","8","6","1","0","0","0","0","0","0","0","0","0"
"2022-01-02","13","18","0","1","0","0","0","0","0","0","0","0"
"2022-01-03","22","18","0","0","0","0","0","0","0","0","0","0"
"2022-01-04","19","18","0","0","0","0","0","0","0","0","0","0"
"2022-01-05","18","25","0","1","0","0","0","0","0","0","0","0"
"2022-01-06","12","19","0","0","0","0","0","0","0","0","0","0"
"2022-01-07","21","11","0","0","0","0","0","0","0","0","0","0"
"2022-01-08","16","17","0","0","0","0","0","0","0","0","0","0"
"2022-01-09","12","12","0","0","0","0","0","0","0","0","0","0"
"2022-01-10","25","31","3","0","0","3","0","0","0","0","0","0"
"2022-01-11","19","27","0","0","0","0","0","0","0","0","0","0"
"2022-01-12","28","36","1","0","0","0","0","0","0","0","0","0"
"2022-01-13","26","32","0","0","0","0","0","0","0","0","0","0"
"2022-01-14","35","37","0","0","0","0","0","0","0","0","0","0"
"2022-01-15","27","7","0","0","0","0","0","0","0","0","0","0"
"2022-01-16","19","13","0","0","0","0","0","0","0","0","0","0"
"2022-01-17","25","23","0","1","0","0","0","0","0","0","0","0"
"2022-01-18","27","18","0","0","0","0","0","0","0","0","0","0"
"2022-01-19","26","29","0","0","0","0","0","0","0","0","0","0"
"2022-01-20","25","18","0","0","0","0","0","0","0","0","0","0"
"2022-01-21","20","29","0","0","0","0","0","0","0","0","0","0"
"2022-01-22","17","21","0","0","0","0","0","0","0","0","0","0"
"2022-01-23","26","12","0","0","0","0","0","0","0","0","0","0"
"2022-01-24","31","37","0","0","0","2","0","0","0","0","0","0"
"2022-01-25","16","35","0","0","0","0","0","0","0","0","0","0"
"2022-01-26","32","42","0","0","0","0","0","0","0","0","0","0"
"2022-01-27","22","32","0","0","0","0","0","0","0","0","0","0"
"2022-01-28","17","27","0","0","0","0","0","0","0","0","0","0"
"2022-01-29","14","13","0","0","0","0","0","0","0","0","0","0"
"2022-01-30","24","24","0","1","0","0","0","0","0","0","0","0"
"2022-01-31","38","39","0","0","0","0","0","0","0","0","0","0"
"2022-02-01","26","29","0","0","0","0","0","0","0","1","0","0"
"2022-02-02","25","33","1","1","0","0","0","0","0","0","0","0"
"2022-02-03","12","42","0","1","0","0","0","0","0","0","0","0"
"2022-02-04","23","32","0","1","0","0","0","0","1","0","0","0"
"2022-02-05","18","19","0","0","0","0","0","0","0","0","0","0"
"2022-02-06","27","11","0","0","0","0","0","0","0","0","0","1"
"2022-02-07","20","40","0","0","0","0","0","0","0","0","0","0"
"2022-02-08","31","27","1","0","0","0","0","0","0","0","0","0"
"2022-02-09","25","31","0","1","0","0","0","0","0","0","0","0"
"2022-02-10","14","38","0","1","0","0","0","0","0","0","0","0"
"2022-02-11","32","24","0","0","0","0","0","0","0","0","0","0"
"2022-02-12","29","19","0","0","0","0","0","0","0","0","0","0"
"2022-02-13","21","5","0","0","0","0","0","0","0","0","0","0"
"2022-02-14","31","35","0","0","0","0","0","0","0","0","0","0"
"2022-02-15","28","14","0","0","0","0","0","0","0","0","0","0"
"2022-02-16","23","42","0","0","0","0","0","0","0","0","0","0"
"2022-02-17","27","32","0","0","0","0","0","0","0","0","0","0"
"2022-02-18","27","22","0","0","0","0","0","0","0","0","0","0"
"2022-02-19","18","14","0","0","0","0","0","0","0","0","0","0"
"2022-02-20","22","20","0","0","0","0","0","0","0","0","0","0"
"2022-02-21","22","25","0","0","0","0","0","0","0","0","0","0"
"2022-02-22","19","20","0","0","0","0","0","0","0","0","0","0"
"2022-02-23","20","25","0","0","0","0","0","0","0","0","0","0"
"2022-02-24","15","17","0","0","0","0","0","0","0","0","0","0"
"2022-02-25","10","21","0","0","0","0","0","0","0","0","0","0"
"2022-02-26","9","11","0","0","0","0","0","0","0","0","0","0"
"2022-02-27","10","9","0","0","0","0","0","0","0","0","0","0"
"2022-02-28","21","26","0","0","0","0","0","0","0","0","0","0"
"2022-03-01","26","19","0","0","0","0","0","0","0","0","0","0"
"2022-03-02","19","14","0","0","0","0","0","0","0","0","0","0"
"2022-03-03","10","19","0","0","0","0","0","0","0","0","0","0"
"2022-03-04","14","15","0","0","0","0","0","0","0","0","0","0"
"2022-03-05","11","14","0","0","0","0","0","0","0","0","0","0"
"2022-03-06","11","10","0","0","0","0","0","0","0","0","0","0"
"2022-03-07","11","15","0","0","0","0","0","0","0","0","0","0"
"2022-03-08","9","8","0","0","0","0","0","0","0","0","0","0"
"2022-03-09","28","31","0","0","0","0","0","0","0","0","0","0"
"2022-03-10","16","36","0","0","0","0","0","0","0","0","0","0"
"2022-03-11","25","31","0","1","0","0","0","0","0","0","0","0"
"2022-03-12","26","22","0","0","0","0","0","0","0","0","0","0"
"2022-03-13","17","18","0","0","0","0","0","0","0","0","0","0"
"2022-03-14","25","31","0","0","0","0","0","0","0","0","0","0"
"2022-03-15","18","20","0","1","0","1","0","0","0","0","0","0"
"2022-03-16","28","30","0","0","0","0","0","0","0","0","0","0"
"2022-03-17","17","23","0","1","0","0","0","0","0","0","0","0"
"2022-03-18","19","14","1","0","0","0","0","0","0","0","0","0"
"2022-03-19","14","10","0","0","0","0","0","0","0","0","0","0"
"2022-03-20","19","11","0","1","0","0","0","0","0","0","0","0"
"2022-03-21","25","24","0","0","0","0","0","0","0","0","0","0"
"2022-03-22","18","27","1","1","0","0","0","0","0","0","0","0"
"2022-03-23","19","24","0","0","0","0","0","0","1","0","0","0"
"2022-03-24","16","17","0","0","0","0","0","0","0","0","0","0"
"2022-03-25","22","24","0","0","0","0","0","0","0","0","0","0"
"2022-03-26","13","18","0","0","0","0","0","0","0","0","0","0"
"2022-03-27","12","15","0","0","0","0","0","0","0","0","0","0"
"2022-03-28","28","31","0","0","0","0","0","0","0","0","0","0"
"2022-03-29","26","26","0","0","0","0","0","0","0","0","0","0"
"2022-03-30","22","26","0","0","0","0","0","0","0","1","0","0"
"2022-03-31","25","16","1","0","0","0","0","0","0","0","0","0"
"2022-04-01","16","21","0","0","0","0","0","0","0","0","0","0"
"2022-04-02","13","21","0","1","0","0","0","0","0","0","0","0"
"2022-04-03","18","12","0","0","0","0","0","0","0","0","0","0"
"2022-04-04","27","22","1","0","0","0","0","0","0","0","0","0"
"2022-04-05","23","19","0","1","0","0","0","0","1","0","0","0"
"2022-04-06","24","24","0","0","0","0","0","0","0","0","0","0"
"2022-04-07","32","28","0","0","0","0","0","0","0","0","0","0"
"2022-04-08","36","30","0","0","0","0","0","0","0","0","0","0"
"2022-04-09","13","10","0","0","0","0","0","0","0","0","0","0"
"2022-04-10","21","16","0","0","0","0","0","0","0","0","0","0"
"2022-04-11","19","23","0","0","0","0","0","0","0","0","0","0"
"2022-04-12","28","21","0","0","0","1","0","0","0","0","0","0"
"2022-04-13","21","17","0","1","0","0","0","0","0","0","0","0"
"2022-04-14","19","18","0","2","0","0","0","0","0","0","0","0"
"2022-04-15","28","20","0","0","0","0","0","0","0","0","0","0"
"2022-04-16","18","11","0","0","0","0","0","0","0","0","0","0"
"2022-04-17","9","12","0","0","0","0","0","0","0","0","0","0"
"2022-04-18","31","12","0","1","0","0","0","0","0","0","0","0"
"2022-04-19","39","21","0","0","0","0","0","0","0","0","0","0"
"2022-04-20","29","30","0","2","0","0","0","0","0","0","0","0"
"2022-04-21","25","23","0","0","0","0","0","0","0","0","0","0"
"2022-04-22","17","27","0","0","0","0","0","1","0","0","0","0"
"2022-04-23","15","6","0","0","0","0","0","0","0","0","0","0"
"2022-04-24","23","12","0","0","0","0","0","0","0","0","0","0"
"2022-04-25","27","26","0","0","0","0","0","0","0","0","0","0"
"2022-04-26","9","12","0","0","0","0","0","0","0","0","0","0"
"2022-04-27","1","1","0","0","0","0","0","0","0","0","0","0"
"2022-04-28","2","1","0","0","0","0","0","0","0","0","0","0"
"2022-04-29","1","0","0","0","0","0","0","0","0","0","0","0"
"2022-04-30","0","0","0","0","0","0","0","0","0","0","0","0"
"2022-05-01","0","0","0","0","0","0","0","0","0","0","0","0"
"2022-05-02","0","0","0","0","0","0","0","0","0","0","0","0"
"2022-05-03","0","0","0","0","0","0","0","0","0","0","0","0"
"2022-05-04","0","0","0","0","0","0","0","0","0","0","0","0"
"2022-05-05","0","0","0","0","0","0","0","0","0","0","0","0"
"2022-05-06","0","0","0","0","0","0","0","0","0","0","0","0"
"2022-05-07","0","0","0","0","0","0","0","0","0","0","0","0"
"2022-05-08","0","0","0","0","0","0","0","0","0","0","0","0"
"2022-05-09","0","0","0","0","0","0","0","0","0","0","0","0"
"2022-05-10","0","0","0","0","0","0","0","0","0","0","0","0"
"2022-05-11","0","0","0","0","0","0","0","0","0","0","0","0"
"2022-05-12","0","0","0","0","0","0","0","0","0","0","0","0"
"2022-05-13","0","0","0","0","0","0","0","0","0","0","0","0"
"2022-05-14","0","0","0","0","0","0","0","0","0","0","0","0"
"2022-05-15","0","0","0","0","0","0","0","0","0","0","0","0"
"2022-05-16","0","0","0","0","0","0","0","0","0","0","0","0"
"2022-05-17","0","0","0","0","0","0","0","0","0","0","0","0"
"2022-05-18","21","20","0","0","0","0","0","0","0","0","0","0"
"2022-05-19","16","24","0","0","0","0","0","0","0","0","0","0"
"2022-05-20","24","22","0","0","0","0","0","1","0","0","0","0"
"2022-05-21","9","9","0","0","0","0","0","0","0","0","0","0"
"2022-05-22","15","12","0","0","0","0","0","0","0","0","0","0"
"2022-05-23","17","18","0","2","0","0","0","1","0","0","0","0"
"2022-05-24","24","19","0","0","0","0","0","0","0","0","0","0"
"2022-05-25","27","18","0","0","0","0","0","0","0","0","0","0"
"2022-05-26","31","19","0","0","0","0","0","0","0","0","0","0"
"2022-05-27","20","22","0","0","0","0","0","0","0","0","0","0"
"2022-05-28","15","14","0","1","0","0","0","0","0","0","0","0"
"2022-05-29","19","17","0","0","0","0","0","0","0","0","0","0"
"2022-05-30","23","28","0","1","0","0","0","0","0","0","0","0"
"2022-05-31","24","26","1","1","0","0","0","0","0","0","0","0"
"2022-06-01","28","25","0","0","0","0","0","0","0","0","0","0"
"2022-06-02","25","22","0","3","0","0","0","0","0","0","0","0"
"2022-06-03","28","10","0","0","0","0","0","0","0","0","0","0"
"2022-06-04","12","4","0","0","0","0","0","0","0","0","0","0"
"2022-06-05","17","7","0","0","0","0","0","0","0","0","0","0"
"2022-06-06","29","28","0","0","0","0","0","0","0","0","0","0"
"2022-06-07","36","14","0","1","0","0","0","0","0","0","0","0"
"2022-06-08","21","18","0","1","0","0","0","0","0","0","0","0"
"2022-06-09","17","21","0","1","0","0","0","0","0","0","0","0"
"2022-06-10","20","20","0","0","0","0","0","0","0","0","0","0"
"2022-06-11","13","13","0","0","0","0","0","0","0","0","0","0"
"2022-06-12","18","4","0","0","0","0","0","0","0","0","0","0"
"2022-06-13","23","12","0","0","0","0","0","0","0","0","0","0"
"2022-06-14","33","13","0","0","0","0","0","0","0","0","0","0"
"2022-06-15","33","23","0","0","0","0","0","0","0","0","0","0"
"2022-06-16","19","18","0","0","0","0","0","0","0","0","0","0"
"2022-06-17","23","18","0","0","0","0","0","0","0","0","0","0"
"2022-06-18","13","9","0","0","0","0","0","0","0","0","0","0"
"2022-06-19","22","17","0","0","0","0","0","0","0","0","0","0"
"2022-06-20","29","12","0","1","0","0","0","0","0","0","0","0"
"2022-06-21","21","23","0","0","0","0","0","0","0","0","0","0"
"2022-06-22","29","20","0","0","0","0","0","0","0","0","0","0"
"2022-06-23","31","15","0","1","0","0","0","0","0","0","0","0"
"2022-06-24","24","16","0","0","0","0","0","0","0","0","0","0"
"2022-06-25","10","8","0","0","0","0","0","0","0","0","0","0"
"2022-06-26","11","17","0","0","0","0","0","0","0","0","0","0"
"2022-06-27","30","19","0","0","0","0","0","0","0","0","0","0"
"2022-06-28","21","24","0","0","0","0","0","0","0","0","0","0"
"2022-06-29","21","14","1","0","0","1","0","0","0","0","0","0"
"2022-06-30","21","17","0","0","0","0","0","0","0","0","0","0"
"2022-07-01","17","17","0","1","0","1","0","0","0","0","0","0"
"2022-07-02","12","9","0","0","0","0","0","0","0","0","0","0"
"2022-07-03","12","11","0","0","0","0","0","0","0","0","0","0"
"2022-07-04","24","16","0","0","0","0","0","0","0","0","0","0"
"2022-07-05","21","12","0","0","0","0","0","0","0","0","0","0"
"2022-07-06","18","18","0","0","0","0","0","1","0","0","0","0"
"2022-07-07","27","20","0","0","0","0","0","0","0","0","0","0"
"2022-07-08","20","13","0","3","0","0","0","0","0","0","0","0"
"2022-07-09","9","14","0","0","0","0","0","0","0","0","0","0"
"2022-07-10","12","11","0","0","0","0","0","0","0","0","0","0"
"2022-07-11","26","18","0","0","0","0","0","1","0","0","0","0"
"2022-07-12","23","23","0","0","0","0","0","0","0","0","0","0"
"2022-07-13","27","18","0","0","0","0","0","0","0","0","0","0"
"2022-07-14","23","26","0","0","0","0","0","0","0","0","0","0"
"2022-07-15","23","16","0","0","0","0","0","0","0","0","0","0"
"2022-07-16","11","11","0","0","0","0","0","0","0","0","0","0"
"2022-07-17","15","21","1","0","0","0","0","0","0","0","0","0"
"2022-07-18","30","12","0","0","0","0","0","0","1","0","0","0"
"2022-07-19","37","34","1","1","0","0","0","0","0","0","0","0"
"2022-07-20","22","24","0","0","0","0","0","0","0","0","0","0"
"2022-07-21","22","16","0","0","0","0","0","0","0","0","0","0"
"2022-07-22","25","17","0","0","0","0","0","0","0","0","0","0"
"2022-07-23","9","16","0","1","0","0","0","0","0","0","0","0"
"2022-07-24","21","13","0","0","0","0","0","0","0","0","0","0"
"2022-07-25","26","22","0","0","0","0","0","0","0","0","0","0"
"2022-07-26","30","25","0","2","0","1","0","0","0","0","0","0"
"2022-07-27","36","15","0","0","0","0","0","0","0","0","0","0"
"2022-07-28","23","18","0","0","0","0","0","0","0","0","0","0"
"2022-07-29","19","18","0","0","0","0","0","0","0","0","0","0"
"2022-07-30","13","16","0","0","0","0","0","0","0","0","0","0"
"2022-07-31","12","10","0","0","0","0","0","0","0","0","0","0"
"2022-08-01","12","16","0","0","0","0","0","0","0","0","0","0"
"2022-08-02","23","19","0","0","0","0","0","0","0","0","0","0"
"2022-08-03","21","18","0","0","0","0","0","0","0","0","0","0"
"2022-08-04","10","13","0","0","0","0","0","0","0","0","0","0"
"2022-08-05","11","20","0","1","0","0","0","0","0","0","0","0"
"2022-08-06","7","6","0","0","0","0","0","0","0","0","0","0"
"2022-08-07","14","22","0","2","0","0","0","0","0","0","0","0"
"2022-08-08","19","19","0","0","0","0","0","0","0","0","0","0"
"2022-08-09","22","25","0","0","0","0","0","0","0","0","0","0"
"2022-08-10","20","25","0","0","0","0","0","0","0","0","0","0"
"2022-08-11","18","18","1","0","0","0","0","0","0","0","0","0"
"2022-08-12","16","23","0","0","0","0","0","0","0","0","0","0"
"2022-08-13","14","15","0","0","0","0","0","0","0","0","0","0"
"2022-08-14","26","10","0","0","0","0","0","0","0","0","0","0"
"2022-08-15","26","27","0","1","0","0","0","0","0","0","0","0"
"2022-08-16","29","15","1","0","0","0","0","0","0","0","0","0"
"2022-08-17","31","11","0","0","0","0","0","0","0","0","0","0"
"2022-08-18","34","21","1","0","0","0","0","0","0","0","0","0"
"2022-08-19","17","24","1","0","0","0","0","0","0","0","0","0"
"2022-08-20","12","30","0","0","0","0","0","0","0","0","0","0"
"2022-08-21","7","17","0","0","0","0","0","0","0","0","0","0"
"2022-08-22","27","38","1","0","0","0","0","0","0","0","0","0"
"2022-08-23","28","38","5","0","0","0","0","0","0","0","0","0"
"2022-08-24","28","21","3","0","0","0","0","0","1","0","0","0"
"2022-08-25","30","41","2","0","0","0","0","0","0","0","0","0"
"2022-08-26","22","27","1","0","0","0","0","0","0","1","0","0"
"2022-08-27","10","19","0","0","0","0","0","0","0","0","0","0"
"2022-08-28","15","30","0","1","0","0","0","0","0","0","0","0"
"2022-08-29","26","30","1","0","0","0","0","0","0","0","0","0"
"2022-08-30","28","38","0","1","0","0","0","0","0","0","0","0"
"2022-08-31","33","37","3","0","0","0","0","0","0","0","0","0"
"2022-09-01","18","37","4","0","0","0","0","0","0","0","0","0"
"2022-09-02","36","31","6","0","0","0","0","0","0","0","0","0"
"2022-09-03","14","22","9","0","0","0","0","0","0","0","0","0"
"2022-09-04","16","21","3","0","0","0","0","0","0","1","0","0"
"2022-09-05","23","30","0","1","0","0","0","0","0","0","0","0"
"2022-09-06","22","28","3","0","0","0","0","0","0","0","0","0"
"2022-09-07","40","51","2","0","0","0","0","0","0","0","0","0"
"2022-09-08","38","38","1","1","0","0","0","0","0","0","0","0"
"2022-09-09","30","36","0","0","0","0","0","0","0","0","0","0"
"2022-09-10","21","29","0","0","0","0","0","0","0","0","0","0"
"2022-09-11","31","34","0","1","0","0","0","0","0","0","0","0"
"2022-09-12","31","26","0","0","0","0","0","0","0","0","0","0"
"2022-09-13","40","37","0","0","0","0","0","0","0","0","0","0"
"2022-09-14","25","45","3","0","0","0","0","0","0","0","0","0"
"2022-09-15","21","31","0","0","0","0","0","0","0","0","0","0"
"2022-09-16","27","33","6","0","0","0","0","0","0","0","0","0"
"2022-09-17","17","29","2","0","0","0","0","0","0","0","0","0"
"2022-09-18","22","32","1","0","0","0","0","0","0","0","0","0"
"2022-09-19","26","29","4","0","0","0","0","0","0","0","0","0"
"2022-09-20","28","26","5","0","0","0","0","0","0","0","0","0"
"2022-09-21","26","24","3","0","0","0","0","0","0","0","0","0"
"2022-09-22","31","23","1","0","0","0","0","0","0","0","0","0"
"2022-09-23","26","24","3","0","0","0","0","0","0","0","0","0"
"2022-09-24","26","25","3","0","0","0","0","0","0","0","0","0"
"2022-09-25","20","16","0","0","0","0","0","0","0","0","0","0"
"2022-09-26","19","41","2","0","0","0","0","0","0","0","0","0"
"2022-09-27","23","31","4","0","0","0","0","0","0","0","0","0"
"2022-09-28","32","25","2","0","0","0","0","0","0","0","0","0"
"2022-09-29","33","17","1","0","0","0","0","0","0","0","0","0"
"2022-09-30","26","19","1","0","0","0","0","0","0","0","0","0"
"2022-10-01","22","12","4","0","0","0","0","0","0","0","0","0"
"2022-10-02","20","16","9","0","0","0","0","0","0","0","0","0"
"2022-10-03","25","30","10","0","0","0","0","0","0","0","0","0"
"2022-10-04","27","17","5","0","0","0","0","0","0","0","0","0"
"2022-10-05","23","19","4","0","0","0","0","0","0","0","0","0"
"2022-10-06","25","16","3","0","0","0","0","0","0","0","0","0"
"2022-10-07","20","14","3","1","0","0","0","0","0","0","0","0"
"2022-10-08","15","16","3","0","0","0","0","0","0","0","0","0"
"2022-10-09","15","14","3","0","0","0","0","0","0","0","0","0"
"2022-10-10","16","11","2","0","0","0","0","0","0","0","0","0"
"2022-10-11","32","13","1","0","0","0","0","0","0","0","0","0"
"2022-10-12","24","15","1","1","0","0","0","0","0","0","0","0"
"2022-10-13","31","16","4","0","0","0","0","0","0","0","0","0"
"2022-10-14","30","20","6","1","0","0","0","0","0","0","0","0"
"2022-10-15","15","17","1","0","0","0","0","0","0","0","0","0"
"2022-10-16","15","17","0","0","0","0","0","0","0","0","0","0"
"2022-10-17","20","28","0","1","0","0","0","0","0","0","0","0"
"2022-10-18","30","19","0","2","0","0","0","0","0","0","0","0"
"2022-10-19","34","23","4","1","0","0","0","0","0","0","0","0"
"2022-10-20","27","34","3","0","0","0","0","0","0","0","0","0"
"2022-10-21","22","22","1","0","0","0","0","0","0","0","0","0"
"2022-10-22","14","16","1","0","0","0","0","0","0","0","0","0"
"2022-10-23","18","18","1","1","0","0","0","1","0","0","0","0"
"2022-10-24","43","37","0","0","0","0","0","0","0","0","0","0"
"2022-10-25","40","34","0","1","0","2","0","0","0","1","0","0"
"2022-10-26","32","35","0","0","0","0","0","0","0","0","0","0"
"2022-10-27","30","39","0","0","0","0","0","0","0","0","0","0"
"2022-10-28","22","22","0","1","0","0","0","0","0","0","0","0"
"2022-10-29","14","11","0","0","0","0","0","0","0","0","0","0"
"2022-10-30","21","16","0","0","0","0","0","0","0","0","0","0"
"2022-10-31","28","22","0","1","0","0","0","0","0","0","0","0"
"2022-11-01","25","31","0","0","0","0","0","0","0","0","0","0"
"2022-11-02","26","25","0","0","0","0","0","0","0","0","0","0"
"2022-11-03","27","27","1","1","0","0","0","0","0","0","0","0"
"2022-11-04","27","28","0","1","0","0","0","0","0","0","0","0"
"2022-11-05","11","25","4","1","0","0","0","0","0","0","0","0"
"2022-11-06","23","28","1","1","0","0","0","0","0","0","0","0"
"2022-11-07","24","12","0","1","0","0","0","0","0","0","0","0"
"2022-11-08","25","29","1","0","0","0","0","0","0","0","0","0"
"2022-11-09","34","38","0","1","0","0","0","0","0","0","0","0"
"2022-11-10","27","33","0","0","0","0","0","0","0","0","0","0"
"2022-11-11","35","22","2","0","0","1","0","0","0","0","0","0"
"2022-11-12","19","13","0","2","0","0","0","0","0","0","0","0"
"2022-11-13","27","24","0","0","0","0","0","0","0","0","0","0"
"2022-11-14","34","32","0","1","0","0","0","0","0","0","0","0"
"2022-11-15","30","27","0","0","0","0","0","0","0","0","0","0"
"2022-11-16","25","35","0","0","0","0","0","0","0","0","0","0"
"2022-11-17","39","40","0","0","0","0","0","0","0","0","0","0"
"2022-11-18","27","26","0","0","0","0","0","0","0","0","0","0"
"2022-11-19","23","18","1","0","0","0","0","0","0","0","0","0"
"2022-11-20","15","18","0","0","0","0","0","0","0","0","0","0"
"2022-11-21","33","23","0","1","0","0","0","0","0","0","0","0"
"2022-11-22","35","23","1","1","0","0","0","0","0","0","0","0"
"2022-11-23","45","24","0","0","0","0","0","0","0","0","0","0"
"2022-11-24","38","15","1","0","0","0","0","0","0","0","0","0"
"2022-11-25","36","20","0","0","0","0","0","0","0","0","0","0"
"2022-11-26","31","7","0","1","0","0","0","0","0","0","0","0"
"2022-11-27","15","21","0","0","0","0","0","0","0","0","0","0"
"2022-11-28","30","21","0","0","0","0","0","0","0","0","0","0"
"2022-11-29","28","20","0","0","0","0","0","0","0","0","0","0"
"2022-11-30","25","27","0","0","0","0","0","0","0","0","0","0"
"2022-12-01","31","33","0","0","0","0","0","0","0","0","0","0"
"2022-12-02","31","15","0","0","0","0","0","0","0","0","0","0"
"2022-12-03","21","25","0","0","0","0","0","0","0","0","0","0"
"2022-12-04","26","30","1","0","0","0","0","0","0","0","0","0"
"2022-12-05","41","19","0","0","0","0","0","0","0","0","0","0"
"2022-12-06","23","15","0","0","0","1","0","0","0","0","0","0"
"2022-12-07","31","19","0","1","0","0","0","0","0","0","0","0"
"2022-12-08","38","25","0","0","0","0","0","2","0","0","0","0"
"2022-12-09","27","16","0","0","0","0","0","2","0","0","0","0"
"2022-12-10","16","18","0","0","0","0","0","0","0","0","0","0"
"2022-12-11","33","12","0","1","0","0","0","0","0","0","0","0"
"2022-12-12","50","29","0","0","0","0","0","1","0","0","0","0"
"2022-12-13","40","25","0","0","0","0","0","1","0","0","0","0"
"2022-12-14","30","30","0","0","0","0","0","1","0","0","0","0"
"2022-12-15","20","16","0","0","0","0","0","0","0","0","0","0"
"2022-12-16","29","17","0","0","0","0","0","1","0","0","0","0"
"2022-12-17","19","10","0","0","0","0","0","0","0","0","0","0"
"2022-12-18","22","9","0","1","0","0","0","0","0","0","0","0"
"2022-12-19","29","25","0","0","0","0","0","0","0","0","0","0"
"2022-12-20","42","36","0","0","0","0","0","1","0","0","0","0"
"2022-12-21","25","19","0","0","0","0","0","0","0","0","0","0"
"2022-12-22","40","15","0","0","0","0","0","0","0","0","0","0"
"2022-12-23","22","18","0","0","0","0","0","0","0","0","0","0"
"2022-12-24","17","11","0","0","0","0","0","0","0","0","0","0"
"2022-12-25","35","12","0","0","0","0","0","0","0","0","0","0"
"2022-12-26","24","23","0","0","0","0","0","0","0","0","0","0"
"2022-12-27","29","15","0","0","0","0","0","0","0","0","0","0"
"2022-12-28","38","18","0","0","0","0","0","0","0","0","0","0"
"2022-12-29","15","23","0","0","0","0","0","0","0","0","0","0"
"2022-12-30","23","3","0","0","0","0","0","0","0","0","0","0"
"2022-12-31","7","8","0","0","0","0","0","0","0","0","0","0"
"2023-01-01","13","9","0","0","0","0","0","0","0","0","0","0"
"2023-01-02","30","16","0","0","0","0","0","0","0","0","0","0"
"2023-01-03","35","25","0","0","0","0","0","0","0","0","0","0"
"2023-01-04","41","28","0","0","0","0","0","0","0","0","0","0"
"2023-01-05","41","31","1","0","0","0","0","0","0","0","0","0"
"2023-01-06","34","17","1","0","0","0","0","0","0","0","0","0"
"2023-01-07","28","19","0","0","0","0","0","0","0","0","0","0"
"2023-01-08","36","17","0","0","0","0","0","0","0","0","0","0"
"2023-01-09","44","31","0","0","0","0","0","0","0","0","0","0"
"2023-01-10","44","23","0","0","0","0","0","0","0","0","0","0"
"2023-01-11","55","30","0","0","0","0","0","0","0","0","0","0"
"2023-01-12","46","33","0","0","0","0","0","0","1","0","0","0"
"2023-01-13","40","10","0","0","0","0","0","0","0","0","0","0"
"2023-01-14","25","6","0","1","0","0","0","0","0","0","0","0"
"2023-01-15","30","18","0","0","0","0","0","0","0","0","0","0"
"2023-01-16","44","14","0","0","0","0","0","0","0","0","0","0"
"2023-01-17","56","22","0","0","0","0","0","0","0","0","0","0"
"2023-01-18","52","31","0","0","0","0","0","0","0","0","0","0"
"2023-01-19","59","27","0","0","0","0","0","0","0","0","0","0"
"2023-01-20","46","17","0","0","0","0","0","0","0","0","0","0"
"2023-01-21","24","17","0","0","0","0","0","0","0","0","0","0"
"2023-01-22","31","19","0","0","0","0","0","0","0","0","0","0"
"2023-01-23","25","14","0","0","0","0","0","0","0","0","0","0"
"2023-01-24","36","17","0","0","0","0","0","0","0","0","0","0"
"2023-01-25","51","29","0","0","0","0","0","0","0","0","0","0"
"2023-01-26","43","31","0","0","0","0","0","0","0","0","0","0"
"2023-01-27","32","26","0","0","0","0","0","0","0","0","1","0"
"2023-01-28","19","16","0","0","0","0","0","0","0","0","0","0"
"2023-01-29","30","20","0","0","0","0","0","0","0","0","0","0"
"2023-01-30","51","28","0","0","0","0","0","0","0","0","0","0"
"2023-01-31","46","23","0","0","0","0","0","0","0","0","0","0"
"2023-02-01","38","20","0","0","0","0","0","0","0","0","0","0"
"2023-02-02","45","30","0","0","0","0","0","0","0","0","0","0"
"2023-02-03","35","17","0","0","0","0","0","0","0","0","0","0"
"2023-02-04","27","8","1","0","0","0","0","0","0","0","0","0"
"2023-02-05","41","18","0","0","0","0","0","0","0","0","0","0"
"2023-02-06","66","18","0","0","0","0","0","0","0","0","0","0"
"2023-02-07","53","25","0","0","0","0","0","0","0","0","0","0"
"2023-02-08","63","25","0","0","0","0","0","0","0","0","0","0"
"2023-02-09","54","20","0","0","0","0","0","0","0","0","0","0"
"2023-02-10","53","17","0","0","0","0","0","0","0","0","0","0"
"2023-02-11","37","16","0","0","0","0","0","0","0","0","0","0"
"2023-02-12","37","17","0","0","0","0","0","0","0","0","0","0"
"2023-02-13","50","23","0","0","0","0","0","0","0","0","0","0"
"2023-02-14","50","38","0","0","0","0","0","0","0","0","0","0"
"2023-02-15","38","26","0","0","0","0","0","0","0","0","0","0"
"2023-02-16","53","32","0","0","0","0","0","0","0","0","0","0"
"2023-02-17","32","24","0","0","0","0","0","0","0","0","0","0"
"2023-02-18","23","18","0","0","0","0","0","0","0","0","0","0"
"2023-02-19","39","15","0","0","0","0","0","0","0","0","0","0"
"2023-02-20","51","15","0","0","0","0","0","0","0","0","0","0"
"2023-02-21","65","20","0","0","0","0","0","0","0","0","0","0"
"2023-02-22","48","24","0","0","0","0","0","0","0","0","0","0"
"2023-02-23","35","9","0","0","0","0","0","0","0","0","0","0"
"2023-02-24","36","21","0","0","0","0","0","0","0","0","0","0"
"2023-02-25","23","21","0","0","0","0","0","0","0","1","0","0"
"2023-02-26","25","21","0","0","0","0","0","0","0","0","0","0"
"2023-02-27","29","34","0","0","0","0","0","0","0","0","0","0"
"2023-02-28","47","30","0","0","0","0","0","0","0","0","0","0"
"2023-03-01","55","29","0","0","0","0","0","0","0","0","0","0"
"2023-03-02","64","29","0","0","0","0","0","0","0","0","0","0"
"2023-03-03","41","27","0","0","0","0","0","0","0","0","0","0"
"2023-03-04","49","17","0","0","0","0","0","0","0","0","0","0"
"2023-03-05","42","16","0","0","0","0","0","0","0","0","0","0"
"2023-03-06","46","18","0","0","0","0","0","0","0","0","0","0"
"2023-03-07","55","18","1","0","0","0","0","0","0","0","0","0"
"2023-03-08","28","3","0","0","0","0","0","0","0","0","0","0"
"2023-03-09","57","23","0","0","0","0","0","0","0","1","0","0"
"2023-03-10","46","30","0","0","0","0","0","0","0","0","0","0"
"2023-03-11","22","12","0","0","0","0","0","0","0","0","0","0"
"2023-03-12","40","18","0","0","0","0","0","0","0","0","0","0"
"2023-03-13","42","35","0","0","0","0","0","0","0","0","0","0"
"2023-03-14","53","25","0","0","0","0","0","0","0","0","0","0"
"2023-03-15","53","23","0","0","0","0","0","0","0","0","0","0"
"2023-03-16","47","13","0","0","0","0","0","0","0","0","0","0"
"2023-03-17","41","23","0","0","0","0","0","0","0","0","0","0"
"2023-03-18","25","15","0","0","0","0","0","0","0","0","0","0"
"2023-03-19","33","14","0","0","0","0","0","0","0","0","0","0"
"2023-03-20","40","27","0","0","0","0","0","0","0","0","0","0"
"2023-03-21","47","37","0","0","0","0","0","0","0","0","0","0"
"2023-03-22","36","21","0","0","0","0","0","0","0","0","0","0"
"2023-03-23","49","25","0","0","0","0","0","0","0","0","0","0"
"2023-03-24","46","18","1","0","0","0","0","1","0","0","0","0"
"2023-03-25","18","6","0","0","0","0","0","0","0","0","0","0"
"2023-03-26","35","16","0","0","0","0","0","0","0","0","0","0"
"2023-03-27","48","24","0","0","0","0","0","0","0","0","0","0"
"2023-03-28","49","24","0","0","0","0","0","0","0","0","0","0"
"2023-03-29","62","45","0","0","0","0","0","0","0","0","0","0"
"2023-03-30","44","57","0","0","0","0","0","0","0","0","0","0"
"2023-03-31","45","45","0","0","0","0","0","0","0","0","0","0"
"2023-04-01","28","55","1","1","0","0","0","0","0","0","0","0"
"2023-04-02","38","58","0","1","0","0","0","0","0","0","0","0"
"2023-04-03","40","68","0","0","0","0","0","0","0","0","0","0"
"2023-04-04","55","80","0","0","0","0","0","1","0","0","0","0"
"2023-04-05","48","94","0","0","0","0","0","0","0","0","0","0"
"2023-04-06","50","75","0","1","0","0","0","0","0","0","0","0"
"2023-04-07","46","87","0","0","0","0","0","0","0","0","0","0"
"2023-04-08","26","73","0","0","0","0","0","0","0","0","0","0"
"2023-04-09","34","60","1","0","0","0","0","1","0","0","0","0"
"2023-04-10","60","65","0","0","0","0","0","0","0","0","0","0"
"2023-04-11","42","70","2","0","0","0","0","0","0","0","0","0"
"2023-04-12","48","88","0","0","0","0","0","0","0","0","0","0"
"2023-04-13","47","65","1","1","0","0","0","0","0","0","0","0"
"2023-04-14","47","27","0","1","0","0","0","0","0","1","0","0"
"2023-04-15","26","18","1","0","0","0","0","0","0","0","0","0"
"2023-04-16","31","23","0","0","0","0","0","0","0","0","0","0"
"2023-04-17","57","32","0","0","0","0","0","0","0","0","0","0"
"2023-04-18","49","26","1","1","0","0","0","0","0","0","0","0"
"2023-04-19","41","23","0","0","0","0","0","0","0","0","0","0"
"2023-04-20","51","26","0","2","0","0","0","0","0","0","0","0"
"2023-04-21","32","30","0","0","0","0","0","0","0","0","0","0"
"2023-04-22","10","16","0","0","0","0","0","0","0","0","0","0"
"2023-04-23","16","27","0","0","0","0","0","1","0","0","0","0"
"2023-04-24","24","26","0","3","0","0","0","0","0","0","0","0"
"2023-04-25","23","25","1","0","0","0","0","0","0","0","0","0"
"2023-04-26","38","47","2","0","0","0","0","0","0","0","0","0"
"2023-04-27","43","27","1","1","0","0","0","0","0","0","0","0"
"2023-04-28","37","20","0","1","0","0","0","0","1","0","0","0"
"2023-04-29","38","19","1","1","0","0","0","0","0","0","0","0"
"2023-04-30","10","14","1","1","0","0","0","0","0","0","0","0"
"2023-05-01","20","19","0","1","0","0","0","0","1","0","0","0"
"2023-05-02","33","19","1","1","0","0","0","0","0","0","0","0"
"2023-05-03","31","28","0","0","0","0","0","3","0","0","0","0"
"2023-05-04","40","31","1","1","0","0","0","0","0","0","0","0"
"2023-05-05","37","25","2","0","0","0","0","0","0","0","0","0"
"2023-05-06","18","14","0","1","0","0","0","0","0","0","0","0"
"2023-05-07","29","16","1","1","0","0","0","0","0","0","0","0"
"2023-05-08","28","22","0","0","0","0","0","0","0","0","0","0"
"2023-05-09","25","23","0","0","0","0","0","0","0","0","0","0"
"2023-05-10","37","28","1","1","0","0","0","0","0","0","0","0"
"2023-05-11","41","36","1","0","0","0","0","0","0","0","0","0"
"2023-05-12","37","29","2","2","0","0","0","0","0","0","0","0"
"2023-05-13","30","21","0","1","0","0","0","0","0","0","0","0"
"2023-05-14","22","21","1","0","0","0","0","0","0","0","0","0"
"2023-05-15","38","35","0","0","0","0","0","0","0","0","0","0"
"2023-05-16","40","26","0","0","0","0","0","0","0","0","0","0"
"2023-05-17","53","40","2","0","0","0","0","0","0","2","0","0"
"2023-05-18","49","36","1","0","0","0","0","0","0","0","0","0"
"2023-05-19","33","20","0","0","0","0","0","0","0","0","0","0"
"2023-05-20","28","24","0","0","0","0","0","0","0","0","0","0"
"2023-05-21","22","9","0","0","0","0","0","0","0","0","0","0"
"2023-05-22","37","23","0","0","0","0","0","0","0","0","0","0"
"2023-05-23","42","21","0","0","0","0","0","0","1","0","0","0"
"2023-05-24","38","26","0","0","0","0","0","0","0","0","0","0"
"2023-05-25","42","24","0","0","0","0","0","0","0","0","0","0"
"2023-05-26","46","10","0","0","0","0","0","0","0","0","0","0"
"2023-05-27","15","11","0","0","0","0","0","0","0","0","0","0"
"2023-05-28","26","10","1","0","0","0","0","0","0","0","0","0"
"2023-05-29","42","27","0","0","0","0","0","0","0","0","0","0"
"2023-05-30","31","29","0","0","0","0","0","0","0","0","0","0"
"2023-05-31","36","35","0","0","0","0","0","0","0","0","0","0"
"2023-06-01","37","20","0","0","0","0","0","0","0","0","0","0"
"2023-06-02","31","20","0","0","0","0","0","0","0","0","0","0"
"2023-06-03","24","12","0","0","0","0","0","0","0","0","0","0"
"2023-06-04","21","11","0","0","0","0","0","0","0","0","0","0"
"2023-06-05","43","20","0","0","0","0","0","0","0","0","0","0"
"2023-06-06","44","18","0","1","0","0","0","0","0","0","0","0"
"2023-06-07","36","23","0","0","0","0","0","0","0","0","0","0"
"2023-06-08","45","20","0","0","0","0","0","0","0","0","0","0"
"2023-06-09","34","16","2","0","0","0","0","0","0","0","0","0"
"2023-06-10","15","9","0","1","0","0","0","0","0","0","0","0"
"2023-06-11","30","12","0","0","0","0","0","0","0","0","0","0"
"2023-06-12","41","12","0","0","0","0","0","0","0","0","0","0"
"2023-06-13","42","21","0","0","0","0","0","0","0","0","0","0"
"2023-06-14","37","21","0","0","0","0","0","0","0","0","0","0"
"2023-06-15","53","21","1","0","0","0","0","0","0","0","0","0"
"2023-06-16","37","15","0","0","0","0","0","0","0","0","0","0"
"2023-06-17","27","17","0","1","0","0","0","0","0","0","0","0"
"2023-06-18","21","3","2","0","0","0","0","0","0","0","0","0"
"2023-06-19","26","22","0","0","0","0","0","1","0","0","0","0"
"2023-06-20","34","21","0","0","0","0","0","0","0","0","0","0"
"2023-06-21","44","12","0","0","0","0","0","0","0","0","0","0"
"2023-06-22","40","14","0","0","0","0","0","0","0","0","0","0"
"2023-06-23","26","22","0","0","0","0","0","0","0","0","0","0"
"2023-06-24","13","10","0","0","0","0","0","0","0","0","0","0"
"2023-06-25","14","10","0","0","0","0","0","0","0","0","0","0"
"2023-06-26","44","8","0","0","0","0","0","0","0","0","0","0"
"2023-06-27","42","18","1","0","0","0","0","0","0","0","0","0"
"2023-06-28","35","7","0","1","0","0","0","0","0","0","0","0"
"2023-06-29","45","19","0","0","0","0","0","0","0","0","0","0"
"2023-06-30","39","9","0","0","0","0","0","0","0","0","0","0"
"2023-07-01","19","5","0","0","0","0","0","0","0","0","0","0"
"2023-07-02","23","10","0","0","0","0","0","0","0","0","0","0"
"2023-07-03","29","6","2","0","0","0","0","0","0","0","0","0"
"2023-07-04","43","17","0","1","0","0","0","0","0","0","0","0"
"2023-07-05","31","14","0","0","0","0","0","0","0","0","0","0"
"2023-07-06","37","13","1","0","0","0","0","0","0","0","0","0"
"2023-07-07","29","12","1","0","0","0","0","0","0","0","0","0"
"2023-07-08","26","8","0","0","0","0","0","0","0","0","0","0"
"2023-07-09","21","10","0","0","0","0","0","0","0","0","0","0"
"2023-07-10","36","21","0","0","0","0","0","0","0","0","0","0"
"2023-07-11","41","24","0","0","0","0","0","0","0","0","0","0"
"2023-07-12","43","13","1","1","0","0","0","1","0","0","0","0"
"2023-07-13","38","17","0","0","0","0","0","0","0","0","0","0"
"2023-07-14","27","17","0","0","0","0","0","0","0","1","0","0"
"2023-07-15","14","11","0","0","0","0","0","0","0","0","0","0"
"2023-07-16","15","9","0","0","0","0","0","0","0","0","0","0"
"2023-07-17","35","10","0","0","0","0","0","0","0","0","0","0"
"2023-07-18","55","16","0","1","0","0","0","0","0","0","0","0"
"2023-07-19","42","17","0","0","0","0","0","0","0","0","0","0"
"2023-07-20","38","11","0","0","0","0","0","0","0","0","0","0"
"2023-07-21","39","18","0","0","0","0","0","0","0","0","0","0"
"2023-07-22","18","9","0","0","0","0","0","0","0","0","0","0"
"2023-07-23","28","15","0","0","0","0","0","0","0","0","0","0"
"2023-07-24","38","18","0","0","0","0","0","0","0","0","0","0"
"2023-07-25","28","13","0","0","0","0","0","0","0","0","0","0"
"2023-07-26","47","17","0","0","0","0","0","0","0","0","0","0"
"2023-07-27","42","16","0","0","0","0","0","0","0","0","0","0"
"2023-07-28","29","14","0","0","0","0","0","0","0","0","0","0"
"2023-07-29","15","10","0","0","0","0","0","0","0","0","0","0"
"2023-07-30","23","9","0","0","0","0","0","0","0","0","0","0"
"2023-07-31","26","14","0","0","0","0","0","0","0","0","0","0"
"2023-08-01","39","19","0","0","0","0","0","0","0","0","0","0"
"2023-08-02","34","12","0","0","0","0","0","0","0","0","0","0"
"2023-08-03","33","11","0","0","0","0","0","0","0","0","0","0"
"2023-08-04","35","20","0","0","0","0","0","0","0","0","0","0"
"2023-08-05","34","14","0","0","0","0","0","0","0","0","0","0"
"2023-08-06","25","9","0","0","0","0","0","0","0","0","0","0"
"2023-08-07","49","24","0","0","0","0","0","0","0","0","0","0"
"2023-08-08","50","24","0","0","0","0","0","0","0","0","0","0"
"2023-08-09","30","23","0","0","0","0","0","0","0","0","0","0"
"2023-08-10","45","16","0","0","0","0","0","0","0","0","0","0"
"2023-08-11","44","14","0","1","0","0","0","0","0","0","0","0"
"2023-08-12","21","8","0","0","0","0","0","0","0","0","0","0"
"2023-08-13","19","12","0","0","0","0","0","0","0","0","0","0"
"2023-08-14","45","12","1","1","0","0","0","0","0","0","0","0"
"2023-08-15","51","17","0","0","0","0","0","0","0","0","0","0"
"2023-08-16","41","18","0","0","0","0","0","0","0","0","0","0"
"2023-08-17","46","10","0","0","0","0","0","0","0","0","0","0"
"2023-08-18","54","17","0","0","0","0","0","0","0","0","0","0"
"2023-08-19","23","9","0","0","0","0","0","0","0","0","0","0"
"2023-08-20","28","6","0","0","0","0","0","0","0","0","0","0"
"2023-08-21","57","12","0","0","0","0","0","0","0","0","0","0"
"2023-08-22","42","18","0","0","0","0","0","0","0","0","0","0"
"2023-08-23","47","24","0","0","0","0","0","0","0","0","0","0"
"2023-08-24","32","17","0","0","0","0","0","0","0","1","0","0"
"2023-08-25","44","14","0","0","0","0","0","0","0","0","0","0"
"2023-08-26","17","12","0","0","0","0","0","0","0","0","0","0"
"2023-08-27","19","11","0","0","0","0","0","0","0","0","0","0"
"2023-08-28","33","13","0","0","0","0","0","0","0","0","0","0"
"2023-08-29","56","21","0","0","0","0","0","0","0","0","0","0"
"2023-08-30","47","8","0","0","0","0","0","0","0","0","0","0"
"2023-08-31","45","18","0","0","0","0","0","0","0","0","0","0"
"2023-09-01","55","10","0","0","0","0","0","0","0","0","0","0"
"2023-09-02","27","6","0","0","0","0","0","0","0","0","0","0"
"2023-09-03","25","11","0","0","0","0","0","0","0","0","0","0"
"2023-09-04","39","19","0","0","0","0","0","0","0","0","0","0"
"2023-09-05","44","18","0","0","0","0","0","0","0","0","0","0"
"2023-09-06","35","19","0","0","0","0","0","0","0","0","0","0"
"2023-09-07","49","22","0","0","0","0","0","0","0","1","0","0"
"2023-09-08","30","27","0","0","0","0","0","0","0","0","0","0"
"2023-09-09","15","10","0","0","0","0","0","0","0","0","0","0"
"2023-09-10","20","11","0","0","0","0","0","0","0","0","0","0"
"2023-09-11","51","20","0","0","0","0","0","0","0","0","0","0"
"2023-09-12","42","29","0","0","0","0","0","0","0","0","0","0"
"2023-09-13","66","25","2","0","0","0","0","0","0","0","0","0"
"2023-09-14","55","22","0","0","0","0","0","0","0","0","0","0"
"2023-09-15","47","14","0","0","0","0","0","0","0","0","0","0"
"2023-09-16","27","9","0","0","0","0","0","0","0","0","0","0"
"2023-09-17","28","10","0","0","0","0","0","0","0","0","0","0"
"2023-09-18","70","20","0","0","0","0","0","0","0","0","0","0"
"2023-09-19","48","16","0","0","0","0","0","0","0","0","0","0"
"2023-09-20","69","25","0","0","0","0","0","0","0","0","0","0"
"2023-09-21","51","20","2","0","0","0","0","0","1","0","0","0"
"2023-09-22","49","17","0","0","0","0","0","0","0","0","0","0"
"2023-09-23","22","8","0","0","0","0","0","0","0","0","0","0"
"2023-09-24","27","14","0","0","0","0","0","0","0","0","0","0"
"2023-09-25","45","21","0","0","0","0","0","0","0","0","0","0"
"2023-09-26","35","21","1","0","0","0","0","0","0","0","0","0"
"2023-09-27","62","26","1","0","0","0","0","0","0","0","0","0"
"2023-09-28","58","24","0","0","0","0","0","0","0","0","0","0"
"2023-09-29","48","18","0","0","0","0","0","0","0","0","0","0"
"2023-09-30","25","9","0","0","0","0","0","0","0","0","0","0"
"2023-10-01","29","12","0","0","0","0","0","0","0","0","0","0"
"2023-10-02","56","17","1","0","0","0","0","0","0","0","0","0"
"2023-10-03","40","20","0","0","0","0","0","0","0","0","0","0"
"2023-10-04","52","24","0","0","0","0","0","0","0","0","0","0"
"2023-10-05","56","13","0","0","0","0","0","0","0","0","0","0"
"2023-10-06","44","23","0","0","0","0","0","0","0","0","0","0"
"2023-10-07","28","16","0","0","0","0","0","0","0","0","0","0"
"2023-10-08","3","0","0","0","0","0","0","0","0","0","0","0"
